********
deactivate Python environments
********
1-install-feasstv0.25.1.sh: line 3: deactivate: command not found
1-install-feasstv0.25.1.sh: line 4: conda: command not found
********
/etc/os-release
********
NAME="Rocky Linux"
VERSION="9.4 (Blue Onyx)"
ID="rocky"
ID_LIKE="rhel centos fedora"
VERSION_ID="9.4"
PLATFORM_ID="platform:el9"
PRETTY_NAME="Rocky Linux 9.4 (Blue Onyx)"
ANSI_COLOR="0;32"
LOGO="fedora-logo-icon"
CPE_NAME="cpe:/o:rocky:rocky:9::baseos"
HOME_URL="https://rockylinux.org/"
BUG_REPORT_URL="https://bugs.rockylinux.org/"
SUPPORT_END="2032-05-31"
ROCKY_SUPPORT_PRODUCT="Rocky-Linux-9"
ROCKY_SUPPORT_PRODUCT_VERSION="9.4"
REDHAT_SUPPORT_PRODUCT="Rocky Linux"
REDHAT_SUPPORT_PRODUCT_VERSION="9.4"
********
python environment and pip
********
Requirement already satisfied: pip in ./feasst_env/lib64/python3.12/site-packages (23.2.1)
Collecting pip
  Obtaining dependency information for pip from https://files.pythonhosted.org/packages/ef/7d/500c9ad20238fcfcb4cb9243eede163594d7020ce87bd9610c9e02771876/pip-24.3.1-py3-none-any.whl.metadata
  Using cached pip-24.3.1-py3-none-any.whl.metadata (3.7 kB)
Using cached pip-24.3.1-py3-none-any.whl (1.8 MB)
Installing collected packages: pip
  Attempting uninstall: pip
    Found existing installation: pip 23.2.1
    Uninstalling pip-23.2.1:
      Successfully uninstalled pip-23.2.1
Successfully installed pip-24.3.1
Collecting numpy
  Using cached numpy-2.1.3-cp312-cp312-manylinux_2_17_x86_64.manylinux2014_x86_64.whl.metadata (62 kB)
Collecting pandas
  Using cached pandas-2.2.3-cp312-cp312-manylinux_2_17_x86_64.manylinux2014_x86_64.whl.metadata (89 kB)
Collecting python-dateutil>=2.8.2 (from pandas)
  Using cached python_dateutil-2.9.0.post0-py2.py3-none-any.whl.metadata (8.4 kB)
Collecting pytz>=2020.1 (from pandas)
  Using cached pytz-2024.2-py2.py3-none-any.whl.metadata (22 kB)
Collecting tzdata>=2022.7 (from pandas)
  Using cached tzdata-2024.2-py2.py3-none-any.whl.metadata (1.4 kB)
Collecting six>=1.5 (from python-dateutil>=2.8.2->pandas)
  Using cached six-1.16.0-py2.py3-none-any.whl.metadata (1.8 kB)
Using cached numpy-2.1.3-cp312-cp312-manylinux_2_17_x86_64.manylinux2014_x86_64.whl (16.0 MB)
Using cached pandas-2.2.3-cp312-cp312-manylinux_2_17_x86_64.manylinux2014_x86_64.whl (12.7 MB)
Using cached python_dateutil-2.9.0.post0-py2.py3-none-any.whl (229 kB)
Using cached pytz-2024.2-py2.py3-none-any.whl (508 kB)
Using cached tzdata-2024.2-py2.py3-none-any.whl (346 kB)
Using cached six-1.16.0-py2.py3-none-any.whl (11 kB)
Installing collected packages: pytz, tzdata, six, numpy, python-dateutil, pandas
Successfully installed numpy-2.1.3 pandas-2.2.3 python-dateutil-2.9.0.post0 pytz-2024.2 six-1.16.0 tzdata-2024.2
********
install feasst version v0.25.3
********
--2024-11-08 13:41:37--  https://github.com/usnistgov/feasst/archive/refs/tags/v0.25.3.tar.gz
Resolving github.com (github.com)... 140.82.113.4
Connecting to github.com (github.com)|140.82.113.4|:443... connected.
HTTP request sent, awaiting response... 302 Found
Location: https://codeload.github.com/usnistgov/feasst/tar.gz/refs/tags/v0.25.3 [following]
--2024-11-08 13:41:37--  https://codeload.github.com/usnistgov/feasst/tar.gz/refs/tags/v0.25.3
Resolving codeload.github.com (codeload.github.com)... 140.82.112.9
Connecting to codeload.github.com (codeload.github.com)|140.82.112.9|:443... connected.
HTTP request sent, awaiting response... 200 OK
Length: unspecified [application/x-gzip]
Saving to: ‘v0.25.3.tar.gz’

     0K .......... .......... .......... .......... .......... 1.01M
    50K .......... .......... .......... .......... .......... 2.10M
   100K .......... .......... .......... .......... .......... 4.56M
   150K .......... .......... .......... .......... .......... 3.64M
   200K .......... .......... .......... .......... .......... 5.23M
   250K .......... .......... .......... .......... .......... 5.08M
   300K .......... .......... .......... .......... .......... 6.27M
   350K .......... .......... .......... .......... .......... 6.61M
   400K .......... .......... .......... .......... .......... 9.88M
   450K .......... .......... .......... .......... .......... 7.35M
   500K .......... .......... .......... .......... .......... 10.9M
   550K .......... .......... .......... .......... .......... 10.9M
   600K .......... .......... .......... .......... .......... 10.2M
   650K .......... .......... .......... .......... .......... 11.1M
   700K .......... .......... .......... .......... .......... 11.0M
   750K .......... .......... .......... .......... .......... 10.9M
   800K .......... .......... .......... .......... .......... 10.5M
   850K .......... .......... .......... .......... .......... 10.8M
   900K .......... .......... .......... .......... .......... 10.2M
   950K .......... .......... .......... .......... .......... 10.7M
  1000K .......... .......... .......... .......... .......... 10.5M
  1050K .......... .......... .......... .......... .......... 10.5M
  1100K .......... .......... .......... .......... .......... 10.5M
  1150K .......... .......... .......... .......... .......... 10.7M
  1200K .......... .......... .......... .......... .......... 10.2M
  1250K .......... .......... .......... .......... .......... 10.5M
  1300K .......... .......... .......... .......... .......... 10.5M
  1350K .......... .......... .......... .......... .......... 10.7M
  1400K .......... .......... .......... .......... .......... 10.5M
  1450K .......... .......... .......... .......... .......... 10.5M
  1500K .......... .......... .......... .......... .......... 10.5M
  1550K .......... .......... .......... .......... .......... 4.93M
  1600K .......... .......... .......... .......... .......... 9.13M
  1650K .......... .......... .......... .......... .......... 10.2M
  1700K .......... .......... .......... .......... .......... 10.7M
  1750K .......... .......... .......... .......... .......... 10.8M
  1800K .......... .......... .......... .......... .......... 10.2M
  1850K .......... .......... .......... .......... .......... 10.6M
  1900K .......... .......... .......... .......... .......... 10.0M
  1950K .......... .......... .......... .......... .......... 10.8M
  2000K .......... .......... .......... .......... .......... 9.65M
  2050K .......... .......... .......... .......... .......... 3.45M
  2100K .......... .......... .......... .......... .......... 8.74M
  2150K .......... .......... .......... .......... .......... 8.68M
  2200K .......... .......... .......... .......... .......... 5.77M
  2250K .......... .......... .......... .......... .......... 4.91M
  2300K .......... .......... .......... .......... .......... 6.96M
  2350K .......... .......... .......... .......... .......... 2.41M
  2400K .......... .......... .......... .......... .......... 6.36M
  2450K .......... .......... .......... .......... .......... 10.0M
  2500K .......... .......... .......... .......... .......... 10.5M
  2550K .......... .......... .......... .......... .......... 10.6M
  2600K .......... .......... .......... .......... .......... 4.95M
  2650K .......... .......... .......... .......... .......... 8.91M
  2700K .......... .......... .......... .......... .......... 5.43M
  2750K .......... .......... .......... .......... .......... 3.64M
  2800K .......... .......... .......... .......... .......... 9.37M
  2850K .......... .......... .......... .......... .......... 7.92M
  2900K .......... .......... .......... .......... .......... 4.44M
  2950K .......... .......... .......... .......... .......... 7.11M
  3000K .......... .......... .......... .......... .......    10.6M=0.5s

2024-11-08 13:41:38 (6.53 MB/s) - ‘v0.25.3.tar.gz’ saved [3121068]

~/dormms/src/dormms/lennard_jones/reference_configurations/feasst-v0.25.3/build ~/dormms/src/dormms/lennard_jones/reference_configurations
-- The C compiler identification is GNU 11.4.1
-- The CXX compiler identification is GNU 11.4.1
-- Detecting C compiler ABI info
-- Detecting C compiler ABI info - done
-- Check for working C compiler: /usr/lib64/ccache/cc - skipped
-- Detecting C compile features
-- Detecting C compile features - done
-- Detecting CXX compiler ABI info
-- Detecting CXX compiler ABI info - done
-- Check for working CXX compiler: /usr/lib64/ccache/c++ - skipped
-- Detecting CXX compile features
-- Detecting CXX compile features - done
threads utils math configuration system opt_lj steppers monte_carlo models mayer patch example shape confinement chain flat_histogram charge morph cluster prefetch egce beta_expanded aniso gibbs model_expanded server
-- Found OpenMP_C: -fopenmp (found version "4.5") 
-- Found OpenMP_CXX: -fopenmp (found version "4.5") 
-- Found OpenMP: TRUE (found version "4.5")  
OpenMP found
CCACHE FOUND
feasstthreads
feasstutils
feasstmath
feasstconfiguration
feasstsystem
feasstopt_lj
feasststeppers
feasstmonte_carlo
feasstmodels
feasstmayer
feasstpatch
feasstexample
feasstshape
feasstconfinement
feasstchain
feasstflat_histogram
feasstcharge
feasstmorph
feasstcluster
feasstprefetch
feasstegce
feasstbeta_expanded
feasstaniso
feasstgibbs
feasstmodel_expanded
feasstserver
-- Configuring done (1.0s)
-- Generating done (0.0s)
-- Build files have been written to: /home/hwh/dormms/src/dormms/lennard_jones/reference_configurations/feasst-v0.25.3/build
[  0%] Building CXX object CMakeFiles/feasstthreads.dir/plugin/threads/src/thread_omp.cpp.o
[  1%] Building CXX object CMakeFiles/feasstthreads.dir/plugin/threads/src/thread.cpp.o
[  1%] Linking CXX shared library libfeasstthreads.so
[  1%] Built target feasstthreads
[  1%] Building CXX object CMakeFiles/feasstutils.dir/plugin/utils/src/cache.cpp.o
[  1%] Building CXX object CMakeFiles/feasstutils.dir/plugin/utils/src/debug.cpp.o
[  1%] Building CXX object CMakeFiles/feasstutils.dir/plugin/utils/src/io.cpp.o
[  1%] Building CXX object CMakeFiles/feasstutils.dir/plugin/utils/src/file.cpp.o
[  1%] Building CXX object CMakeFiles/feasstutils.dir/plugin/utils/src/arguments_extra.cpp.o
[  1%] Building CXX object CMakeFiles/feasstutils.dir/plugin/utils/src/checkpoint.cpp.o
[  2%] Building CXX object CMakeFiles/feasstutils.dir/plugin/utils/src/progress_report.cpp.o
[  2%] Building CXX object CMakeFiles/feasstutils.dir/plugin/utils/src/argument_parse.cpp.o
[  3%] Building CXX object CMakeFiles/feasstutils.dir/plugin/utils/src/timer.cpp.o
[  3%] Building CXX object CMakeFiles/feasstutils.dir/plugin/utils/src/arguments.cpp.o
[  4%] Building CXX object CMakeFiles/feasstutils.dir/plugin/utils/src/custom_exception.cpp.o
[  4%] Building CXX object CMakeFiles/feasstutils.dir/plugin/utils/src/serialize.cpp.o
[  4%] Linking CXX shared library libfeasstutils.so
[  4%] Built target feasstutils
[  4%] Building CXX object CMakeFiles/feasstmath.dir/plugin/math/src/euler.cpp.o
[  5%] Building CXX object CMakeFiles/feasstmath.dir/plugin/math/src/formula_exponential.cpp.o
[  5%] Building CXX object CMakeFiles/feasstmath.dir/plugin/math/src/formula_polynomial.cpp.o
[  5%] Building CXX object CMakeFiles/feasstmath.dir/plugin/math/src/golden_search.cpp.o
[  5%] Building CXX object CMakeFiles/feasstmath.dir/plugin/math/src/accumulator.cpp.o
[  5%] Building CXX object CMakeFiles/feasstmath.dir/plugin/math/src/histogram.cpp.o
[  6%] Building CXX object CMakeFiles/feasstmath.dir/plugin/math/src/matrix.cpp.o
[  6%] Building CXX object CMakeFiles/feasstmath.dir/plugin/math/src/position.cpp.o
[  6%] Building CXX object CMakeFiles/feasstmath.dir/plugin/math/src/formula.cpp.o
[  6%] Building CXX object CMakeFiles/feasstmath.dir/plugin/math/src/random.cpp.o
[  7%] Building CXX object CMakeFiles/feasstmath.dir/plugin/math/src/random_modulo.cpp.o
[  7%] Building CXX object CMakeFiles/feasstmath.dir/plugin/math/src/random_mt19937.cpp.o
[  7%] Building CXX object CMakeFiles/feasstmath.dir/plugin/math/src/solver.cpp.o
[  7%] Building CXX object CMakeFiles/feasstmath.dir/plugin/math/src/solver_bisection.cpp.o
[  7%] Building CXX object CMakeFiles/feasstmath.dir/plugin/math/src/minimize.cpp.o
[  8%] Building CXX object CMakeFiles/feasstmath.dir/plugin/math/src/solver_brent_dekker.cpp.o
[  8%] Building CXX object CMakeFiles/feasstmath.dir/plugin/math/src/solver_newton_raphson.cpp.o
[  8%] Building CXX object CMakeFiles/feasstmath.dir/plugin/math/src/table.cpp.o
[  8%] Building CXX object CMakeFiles/feasstmath.dir/plugin/math/src/utils_math.cpp.o
[  9%] Linking CXX shared library libfeasstmath.so
[  9%] Built target feasstmath
[ 11%] Building CXX object CMakeFiles/feasstshape.dir/plugin/shape/src/cylinder.cpp.o
[ 11%] Building CXX object CMakeFiles/feasstconfiguration.dir/plugin/configuration/src/file_particle.cpp.o
[ 11%] Building CXX object CMakeFiles/feasstshape.dir/plugin/shape/src/finite_cylinder.cpp.o
[ 11%] Building CXX object CMakeFiles/feasstconfiguration.dir/plugin/configuration/src/configuration.cpp.o
[ 11%] Building CXX object CMakeFiles/feasstconfiguration.dir/plugin/configuration/src/file_vmd.cpp.o
[ 11%] Building CXX object CMakeFiles/feasstshape.dir/plugin/shape/src/formula_sine_wave.cpp.o
[ 12%] Building CXX object CMakeFiles/feasstconfiguration.dir/plugin/configuration/src/file_xyz.cpp.o
[ 12%] Building CXX object CMakeFiles/feasstconfiguration.dir/plugin/configuration/src/group.cpp.o
[ 12%] Building CXX object CMakeFiles/feasstshape.dir/plugin/shape/src/half_space_tilted.cpp.o
[ 12%] Building CXX object CMakeFiles/feasstshape.dir/plugin/shape/src/shape.cpp.o
[ 12%] Building CXX object CMakeFiles/feasstconfiguration.dir/plugin/configuration/src/model_params.cpp.o
[ 12%] Building CXX object CMakeFiles/feasstshape.dir/plugin/shape/src/cuboid.cpp.o
[ 12%] Building CXX object CMakeFiles/feasstconfiguration.dir/plugin/configuration/src/bond.cpp.o
[ 13%] Building CXX object CMakeFiles/feasstshape.dir/plugin/shape/src/half_space_sine.cpp.o
[ 13%] Building CXX object CMakeFiles/feasstconfiguration.dir/plugin/configuration/src/domain.cpp.o
[ 13%] Building CXX object CMakeFiles/feasstshape.dir/plugin/shape/src/half_space.cpp.o
[ 13%] Building CXX object CMakeFiles/feasstconfiguration.dir/plugin/configuration/src/neighbor_criteria.cpp.o
[ 14%] Building CXX object CMakeFiles/feasstconfiguration.dir/plugin/configuration/src/particle.cpp.o
[ 14%] Building CXX object CMakeFiles/feasstshape.dir/plugin/shape/src/shape_file.cpp.o
[ 15%] Building CXX object CMakeFiles/feasstshape.dir/plugin/shape/src/shape_intersect.cpp.o
[ 15%] Building CXX object CMakeFiles/feasstshape.dir/plugin/shape/src/shape_union.cpp.o
[ 15%] Building CXX object CMakeFiles/feasstshape.dir/plugin/shape/src/slab.cpp.o
[ 15%] Building CXX object CMakeFiles/feasstshape.dir/plugin/shape/src/slab_sine.cpp.o
[ 15%] Building CXX object CMakeFiles/feasstconfiguration.dir/plugin/configuration/src/particle_factory.cpp.o
[ 16%] Building CXX object CMakeFiles/feasstshape.dir/plugin/shape/src/sphere.cpp.o
[ 16%] Building CXX object CMakeFiles/feasstshape.dir/plugin/shape/src/supertoroid.cpp.o
[ 16%] Building CXX object CMakeFiles/feasstconfiguration.dir/plugin/configuration/src/physical_constants.cpp.o
[ 16%] Building CXX object CMakeFiles/feasstconfiguration.dir/plugin/configuration/src/properties.cpp.o
[ 17%] Building CXX object CMakeFiles/feasstconfiguration.dir/plugin/configuration/src/select.cpp.o
[ 17%] Building CXX object CMakeFiles/feasstconfiguration.dir/plugin/configuration/src/site.cpp.o
[ 17%] Building CXX object CMakeFiles/feasstconfiguration.dir/plugin/configuration/src/visit_configuration.cpp.o
[ 17%] Building CXX object CMakeFiles/feasstconfiguration.dir/plugin/configuration/src/visit_particles.cpp.o
[ 17%] Linking CXX shared library libfeasstshape.so
[ 17%] Built target feasstshape
[ 18%] Linking CXX shared library libfeasstconfiguration.so
[ 18%] Built target feasstconfiguration
[ 19%] Building CXX object CMakeFiles/feasstsystem.dir/plugin/system/src/bond_three_body.cpp.o
[ 19%] Building CXX object CMakeFiles/feasstsystem.dir/plugin/system/src/bond_square_well.cpp.o
[ 19%] Building CXX object CMakeFiles/feasstsystem.dir/plugin/system/src/bond_two_body.cpp.o
[ 19%] Building CXX object CMakeFiles/feasstsystem.dir/plugin/system/src/bond_visitor.cpp.o
[ 20%] Building CXX object CMakeFiles/feasstsystem.dir/plugin/system/src/cells.cpp.o
[ 20%] Building CXX object CMakeFiles/feasstsystem.dir/plugin/system/src/dont_visit_model.cpp.o
[ 20%] Building CXX object CMakeFiles/feasstsystem.dir/plugin/system/src/energy_map.cpp.o
[ 20%] Building CXX object CMakeFiles/feasstsystem.dir/plugin/system/src/angle_square_well.cpp.o
[ 20%] Building CXX object CMakeFiles/feasstsystem.dir/plugin/system/src/bond_four_body.cpp.o
[ 21%] Building CXX object CMakeFiles/feasstsystem.dir/plugin/system/src/hard_sphere.cpp.o
[ 21%] Building CXX object CMakeFiles/feasstsystem.dir/plugin/system/src/ideal_gas.cpp.o
[ 21%] Building CXX object CMakeFiles/feasstsystem.dir/plugin/system/src/long_range_corrections.cpp.o
[ 21%] Building CXX object CMakeFiles/feasstsystem.dir/plugin/system/src/lennard_jones.cpp.o
[ 22%] Building CXX object CMakeFiles/feasstsystem.dir/plugin/system/src/model.cpp.o
[ 22%] Building CXX object CMakeFiles/feasstsystem.dir/plugin/system/src/cutoff_outer.cpp.o
[ 22%] Building CXX object CMakeFiles/feasstsystem.dir/plugin/system/src/model_empty.cpp.o
[ 22%] Building CXX object CMakeFiles/feasstsystem.dir/plugin/system/src/model_one_body.cpp.o
[ 23%] Building CXX object CMakeFiles/feasstsystem.dir/plugin/system/src/model_three_body.cpp.o
[ 23%] Building CXX object CMakeFiles/feasstsystem.dir/plugin/system/src/model_two_body.cpp.o
[ 23%] Building CXX object CMakeFiles/feasstsystem.dir/plugin/system/src/model_two_body_factory.cpp.o
[ 23%] Building CXX object CMakeFiles/feasstsystem.dir/plugin/system/src/model_two_body_table.cpp.o
[ 24%] Building CXX object CMakeFiles/feasstsystem.dir/plugin/system/src/potential.cpp.o
[ 24%] Building CXX object CMakeFiles/feasstsystem.dir/plugin/system/src/potential_factory.cpp.o
[ 24%] Building CXX object CMakeFiles/feasstsystem.dir/plugin/system/src/rigid_angle.cpp.o
[ 24%] Building CXX object CMakeFiles/feasstsystem.dir/plugin/system/src/rigid_bond.cpp.o
[ 25%] Building CXX object CMakeFiles/feasstsystem.dir/plugin/system/src/rigid_dihedral.cpp.o
[ 25%] Building CXX object CMakeFiles/feasstsystem.dir/plugin/system/src/synchronize_data.cpp.o
[ 25%] Building CXX object CMakeFiles/feasstsystem.dir/plugin/system/src/system.cpp.o
[ 25%] Building CXX object CMakeFiles/feasstsystem.dir/plugin/system/src/thermo_params.cpp.o
[ 26%] Building CXX object CMakeFiles/feasstsystem.dir/plugin/system/src/visit_model.cpp.o
[ 26%] Building CXX object CMakeFiles/feasstsystem.dir/plugin/system/src/visit_model_bond.cpp.o
[ 26%] Building CXX object CMakeFiles/feasstsystem.dir/plugin/system/src/visit_model_cell.cpp.o
[ 26%] Building CXX object CMakeFiles/feasstsystem.dir/plugin/system/src/visit_model_cutoff_outer.cpp.o
[ 27%] Building CXX object CMakeFiles/feasstsystem.dir/plugin/system/src/visit_model_inner.cpp.o
[ 27%] Building CXX object CMakeFiles/feasstsystem.dir/plugin/system/src/visit_model_intra.cpp.o
[ 27%] Building CXX object CMakeFiles/feasstsystem.dir/plugin/system/src/visit_model_intra_map.cpp.o
[ 27%] Linking CXX shared library libfeasstsystem.so
[ 27%] Built target feasstsystem
[ 27%] Building CXX object CMakeFiles/feasstopt_lj.dir/plugin/opt_lj/src/visit_model_opt_lj.cpp.o
[ 27%] Building CXX object CMakeFiles/feasstopt_lj.dir/plugin/opt_lj/src/visit_model_opt_rpm.cpp.o
[ 28%] Building CXX object CMakeFiles/feasstmonte_carlo.dir/plugin/monte_carlo/src/always_reject.cpp.o
[ 28%] Building CXX object CMakeFiles/feasstmonte_carlo.dir/plugin/monte_carlo/src/analyze_factory.cpp.o
[ 28%] Building CXX object CMakeFiles/feasstmonte_carlo.dir/plugin/monte_carlo/src/constrain_volume_by_cutoff.cpp.o
[ 28%] Building CXX object CMakeFiles/feasstmonte_carlo.dir/plugin/monte_carlo/src/analyze.cpp.o
[ 29%] Building CXX object CMakeFiles/feasstmonte_carlo.dir/plugin/monte_carlo/src/constraint.cpp.o
[ 29%] Building CXX object CMakeFiles/feasstmonte_carlo.dir/plugin/monte_carlo/src/action.cpp.o
[ 29%] Building CXX object CMakeFiles/feasstmonte_carlo.dir/plugin/monte_carlo/src/acceptance.cpp.o
[ 29%] Building CXX object CMakeFiles/feasstmonte_carlo.dir/plugin/monte_carlo/src/criteria.cpp.o
[ 29%] Building CXX object CMakeFiles/feasstmonte_carlo.dir/plugin/monte_carlo/src/convert_to_ref_potential.cpp.o
[ 30%] Building CXX object CMakeFiles/feasstmonte_carlo.dir/plugin/monte_carlo/src/metropolis.cpp.o
[ 30%] Building CXX object CMakeFiles/feasstmonte_carlo.dir/plugin/monte_carlo/src/modify.cpp.o
[ 30%] Building CXX object CMakeFiles/feasstmonte_carlo.dir/plugin/monte_carlo/src/constrain_num_particles.cpp.o
[ 30%] Building CXX object CMakeFiles/feasstmonte_carlo.dir/plugin/monte_carlo/src/monte_carlo.cpp.o
[ 30%] Building CXX object CMakeFiles/feasstmonte_carlo.dir/plugin/monte_carlo/src/modify_factory.cpp.o
[ 30%] Building CXX object CMakeFiles/feasstmonte_carlo.dir/plugin/monte_carlo/src/perturb.cpp.o
[ 31%] Building CXX object CMakeFiles/feasstmonte_carlo.dir/plugin/monte_carlo/src/perturb_add.cpp.o
[ 31%] Building CXX object CMakeFiles/feasstmonte_carlo.dir/plugin/monte_carlo/src/perturb_anywhere.cpp.o
[ 31%] Building CXX object CMakeFiles/feasstmonte_carlo.dir/plugin/monte_carlo/src/perturb_dihedral.cpp.o
[ 31%] Building CXX object CMakeFiles/feasstmonte_carlo.dir/plugin/monte_carlo/src/perturb_distance.cpp.o
[ 32%] Building CXX object CMakeFiles/feasstmonte_carlo.dir/plugin/monte_carlo/src/perturb_distance_angle.cpp.o
[ 32%] Building CXX object CMakeFiles/feasstmonte_carlo.dir/plugin/monte_carlo/src/perturb_move.cpp.o
[ 32%] Building CXX object CMakeFiles/feasstmonte_carlo.dir/plugin/monte_carlo/src/perturb_remove.cpp.o
[ 33%] Linking CXX shared library libfeasstopt_lj.so
[ 33%] Building CXX object CMakeFiles/feasstmonte_carlo.dir/plugin/monte_carlo/src/perturb_rotate.cpp.o
[ 33%] Built target feasstopt_lj
[ 34%] Building CXX object CMakeFiles/feasstmonte_carlo.dir/plugin/monte_carlo/src/perturb_translate.cpp.o
[ 34%] Building CXX object CMakeFiles/feasstmonte_carlo.dir/plugin/monte_carlo/src/perturb_volume.cpp.o
[ 34%] Building CXX object CMakeFiles/feasstmonte_carlo.dir/plugin/monte_carlo/src/ref_potential.cpp.o
[ 34%] Building CXX object CMakeFiles/feasstmonte_carlo.dir/plugin/monte_carlo/src/remove_analyze.cpp.o
[ 35%] Building CXX object CMakeFiles/feasstmonte_carlo.dir/plugin/monte_carlo/src/remove_modify.cpp.o
[ 35%] Building CXX object CMakeFiles/feasstmonte_carlo.dir/plugin/monte_carlo/src/remove_trial.cpp.o
[ 35%] Building CXX object CMakeFiles/feasstmonte_carlo.dir/plugin/monte_carlo/src/rosenbluth.cpp.o
[ 36%] Building CXX object CMakeFiles/feasstmonte_carlo.dir/plugin/monte_carlo/src/run.cpp.o
[ 36%] Building CXX object CMakeFiles/feasstmonte_carlo.dir/plugin/monte_carlo/src/stepper.cpp.o
[ 36%] Building CXX object CMakeFiles/feasstmonte_carlo.dir/plugin/monte_carlo/src/trial.cpp.o
[ 36%] Building CXX object CMakeFiles/feasstmonte_carlo.dir/plugin/monte_carlo/src/trial_add.cpp.o
[ 37%] Building CXX object CMakeFiles/feasstmonte_carlo.dir/plugin/monte_carlo/src/trial_compute.cpp.o
[ 37%] Building CXX object CMakeFiles/feasstmonte_carlo.dir/plugin/monte_carlo/src/trial_compute_add.cpp.o
[ 37%] Building CXX object CMakeFiles/feasstmonte_carlo.dir/plugin/monte_carlo/src/trial_compute_move.cpp.o
[ 37%] Building CXX object CMakeFiles/feasstmonte_carlo.dir/plugin/monte_carlo/src/trial_compute_remove.cpp.o
[ 38%] Building CXX object CMakeFiles/feasstmonte_carlo.dir/plugin/monte_carlo/src/trial_compute_translate.cpp.o
[ 38%] Building CXX object CMakeFiles/feasstmonte_carlo.dir/plugin/monte_carlo/src/trial_compute_volume.cpp.o
[ 38%] Building CXX object CMakeFiles/feasstmonte_carlo.dir/plugin/monte_carlo/src/trial_factory.cpp.o
[ 38%] Building CXX object CMakeFiles/feasstmonte_carlo.dir/plugin/monte_carlo/src/trial_move.cpp.o
[ 39%] Building CXX object CMakeFiles/feasstmonte_carlo.dir/plugin/monte_carlo/src/trial_remove.cpp.o
[ 39%] Building CXX object CMakeFiles/feasstmonte_carlo.dir/plugin/monte_carlo/src/trial_rotate.cpp.o
[ 39%] Building CXX object CMakeFiles/feasstmonte_carlo.dir/plugin/monte_carlo/src/trial_select.cpp.o
[ 39%] Building CXX object CMakeFiles/feasstmonte_carlo.dir/plugin/monte_carlo/src/trial_select_all.cpp.o
[ 40%] Building CXX object CMakeFiles/feasstmonte_carlo.dir/plugin/monte_carlo/src/trial_select_angle.cpp.o
[ 40%] Building CXX object CMakeFiles/feasstmonte_carlo.dir/plugin/monte_carlo/src/trial_select_bond.cpp.o
[ 40%] Building CXX object CMakeFiles/feasstmonte_carlo.dir/plugin/monte_carlo/src/trial_select_dihedral.cpp.o
[ 40%] Building CXX object CMakeFiles/feasstmonte_carlo.dir/plugin/monte_carlo/src/trial_select_particle.cpp.o
[ 41%] Building CXX object CMakeFiles/feasstmonte_carlo.dir/plugin/monte_carlo/src/trial_stage.cpp.o
[ 41%] Building CXX object CMakeFiles/feasstmonte_carlo.dir/plugin/monte_carlo/src/trial_transfer.cpp.o
[ 41%] Building CXX object CMakeFiles/feasstmonte_carlo.dir/plugin/monte_carlo/src/trial_translate.cpp.o
[ 41%] Building CXX object CMakeFiles/feasstmonte_carlo.dir/plugin/monte_carlo/src/trial_volume.cpp.o
[ 42%] Building CXX object CMakeFiles/feasstmonte_carlo.dir/plugin/monte_carlo/src/tunable.cpp.o
[ 42%] Building CXX object CMakeFiles/feasstmonte_carlo.dir/plugin/monte_carlo/src/write_checkpoint.cpp.o
[ 42%] Building CXX object CMakeFiles/feasstmonte_carlo.dir/plugin/monte_carlo/src/write_model_params.cpp.o
[ 42%] Linking CXX shared library libfeasstmonte_carlo.so
[ 42%] Built target feasstmonte_carlo
[ 42%] Building CXX object CMakeFiles/feasstmayer.dir/plugin/mayer/src/mayer_sampling.cpp.o
[ 42%] Building CXX object CMakeFiles/feasstconfinement.dir/plugin/confinement/src/henry_coefficient.cpp.o
[ 42%] Building CXX object CMakeFiles/feasstconfinement.dir/plugin/confinement/src/background.cpp.o
[ 42%] Building CXX object CMakeFiles/feasstgibbs.dir/plugin/gibbs/src/compute_gibbs_particle_transfer.cpp.o
[ 42%] Building CXX object CMakeFiles/feasstconfinement.dir/plugin/confinement/src/model_lj_shape.cpp.o
[ 43%] Building CXX object CMakeFiles/feasstgibbs.dir/plugin/gibbs/src/compute_gibbs_volume_transfer.cpp.o
[ 44%] Building CXX object CMakeFiles/feasstconfinement.dir/plugin/confinement/src/model_hard_shape.cpp.o
[ 44%] Building CXX object CMakeFiles/feasstgibbs.dir/plugin/gibbs/src/copy_next_line.cpp.o
[ 44%] Building CXX object CMakeFiles/feasstprefetch.dir/plugin/prefetch/src/prefetch.cpp.o
[ 45%] Building CXX object CMakeFiles/feasstserver.dir/plugin/server/src/listen.cpp.o
[ 45%] Building CXX object CMakeFiles/feasstcluster.dir/plugin/cluster/src/analyze_cluster.cpp.o
[ 45%] Building CXX object CMakeFiles/feasstgibbs.dir/plugin/gibbs/src/check_constant_volume.cpp.o
[ 46%] Building CXX object CMakeFiles/feasstgibbs.dir/plugin/gibbs/src/pressure_from_test_volume.cpp.o
[ 46%] Building CXX object CMakeFiles/feasstaniso.dir/plugin/aniso/src/anisotropic.cpp.o
[ 46%] Building CXX object CMakeFiles/feasststeppers.dir/plugin/steppers/src/check.cpp.o
[ 46%] Building CXX object CMakeFiles/feasstcharge.dir/plugin/charge/src/charge_screened.cpp.o
[ 46%] Building CXX object CMakeFiles/feasstaniso.dir/plugin/aniso/src/backmap.cpp.o
[ 46%] Building CXX object CMakeFiles/feasstaniso.dir/plugin/aniso/src/rotator.cpp.o
[ 46%] Building CXX object CMakeFiles/feasstconfinement.dir/plugin/confinement/src/model_square_well_shape.cpp.o
[ 46%] Building CXX object CMakeFiles/feasstserver.dir/plugin/server/src/model_server.cpp.o
[ 47%] Building CXX object CMakeFiles/feasststeppers.dir/plugin/steppers/src/check_energy.cpp.o
[ 48%] Building CXX object CMakeFiles/feasstserver.dir/plugin/server/src/server.cpp.o
[ 48%] Building CXX object CMakeFiles/feasstconfinement.dir/plugin/confinement/src/model_table_cartesian.cpp.o
[ 48%] Building CXX object CMakeFiles/feasstgibbs.dir/plugin/gibbs/src/trial_gibbs_particle_transfer.cpp.o
[ 48%] Building CXX object CMakeFiles/feasstgibbs.dir/plugin/gibbs/src/trial_gibbs_volume_transfer.cpp.o
[ 48%] Building CXX object CMakeFiles/feasstcluster.dir/plugin/cluster/src/calculate_cluster.cpp.o
[ 48%] Building CXX object CMakeFiles/feasstcluster.dir/plugin/cluster/src/compute_add_avb.cpp.o
[ 48%] Building CXX object CMakeFiles/feasstcharge.dir/plugin/charge/src/charge_screened_intra.cpp.o
[ 49%] Building CXX object CMakeFiles/feasstconfinement.dir/plugin/confinement/src/trial_anywhere.cpp.o
[ 49%] Building CXX object CMakeFiles/feasstserver.dir/plugin/server/src/visit_model_inner_server.cpp.o
[ 50%] Building CXX object CMakeFiles/feasstcluster.dir/plugin/cluster/src/compute_add_avb_divalent.cpp.o
[ 50%] Linking CXX shared library libfeasstprefetch.so
[ 50%] Built target feasstprefetch
[ 50%] Building CXX object CMakeFiles/feasstcluster.dir/plugin/cluster/src/compute_avb2.cpp.o
[ 50%] Building CXX object CMakeFiles/feasstcluster.dir/plugin/cluster/src/compute_avb4.cpp.o
[ 50%] Building CXX object CMakeFiles/feasstcluster.dir/plugin/cluster/src/compute_gca.cpp.o
[ 50%] Linking CXX shared library libfeasstmayer.so
[ 50%] Built target feasstmayer
[ 50%] Building CXX object CMakeFiles/feasstpatch.dir/plugin/patch/src/file_xyz_patch.cpp.o
[ 50%] Building CXX object CMakeFiles/feasststeppers.dir/plugin/steppers/src/check_physicality.cpp.o
[ 50%] Building CXX object CMakeFiles/feasstcharge.dir/plugin/charge/src/charge_self.cpp.o
[ 51%] Building CXX object CMakeFiles/feasstcharge.dir/plugin/charge/src/check_net_charge.cpp.o
[ 51%] Building CXX object CMakeFiles/feasstcharge.dir/plugin/charge/src/compute_add_multiple.cpp.o
[ 52%] Building CXX object CMakeFiles/feasstcluster.dir/plugin/cluster/src/compute_move_cluster.cpp.o
[ 52%] Building CXX object CMakeFiles/feasstcluster.dir/plugin/cluster/src/compute_remove_avb.cpp.o
[ 52%] Building CXX object CMakeFiles/feasstcluster.dir/plugin/cluster/src/compute_remove_avb_divalent.cpp.o
[ 53%] Building CXX object CMakeFiles/feasstaniso.dir/plugin/aniso/src/tabulate_two_rigid_body_3D.cpp.o
[ 53%] Linking CXX shared library libfeasstserver.so
[ 53%] Building CXX object CMakeFiles/feasstcluster.dir/plugin/cluster/src/energy_map_all.cpp.o
[ 53%] Building CXX object CMakeFiles/feasstaniso.dir/plugin/aniso/src/visit_model_inner_nn.cpp.o
[ 53%] Built target feasstserver
[ 53%] Building CXX object CMakeFiles/feasststeppers.dir/plugin/steppers/src/check_properties.cpp.o
[ 53%] Building CXX object CMakeFiles/feasststeppers.dir/plugin/steppers/src/chirality_2d.cpp.o
[ 53%] Building CXX object CMakeFiles/feasstpatch.dir/plugin/patch/src/file_xyz_spherocylinder.cpp.o
[ 54%] Building CXX object CMakeFiles/feasstcluster.dir/plugin/cluster/src/energy_map_all_criteria.cpp.o
[ 54%] Building CXX object CMakeFiles/feasstcharge.dir/plugin/charge/src/compute_remove_multiple.cpp.o
[ 54%] Building CXX object CMakeFiles/feasstcharge.dir/plugin/charge/src/coulomb.cpp.o
[ 55%] Building CXX object CMakeFiles/feasstcharge.dir/plugin/charge/src/debye_huckel.cpp.o
[ 55%] Building CXX object CMakeFiles/feasstcluster.dir/plugin/cluster/src/energy_map_neighbor.cpp.o
[ 55%] Building CXX object CMakeFiles/feasstcharge.dir/plugin/charge/src/electric_field.cpp.o
[ 55%] Building CXX object CMakeFiles/feasstcharge.dir/plugin/charge/src/ewald.cpp.o
[ 55%] Building CXX object CMakeFiles/feasstcluster.dir/plugin/cluster/src/energy_map_neighbor_criteria.cpp.o
[ 55%] Building CXX object CMakeFiles/feasstaniso.dir/plugin/aniso/src/visit_model_inner_table.cpp.o
[ 55%] Linking CXX shared library libfeasstconfinement.so
[ 57%] Building CXX object CMakeFiles/feasstcluster.dir/plugin/cluster/src/perturb_add_avb.cpp.o
[ 57%] Building CXX object CMakeFiles/feasststeppers.dir/plugin/steppers/src/cpu_time.cpp.o
[ 58%] Linking CXX shared library libfeasstgibbs.so
[ 58%] Building CXX object CMakeFiles/feasststeppers.dir/plugin/steppers/src/criteria_updater.cpp.o
[ 58%] Built target feasstconfinement
[ 58%] Built target feasstgibbs
[ 58%] Building CXX object CMakeFiles/feasststeppers.dir/plugin/steppers/src/criteria_writer.cpp.o
[ 59%] Building CXX object CMakeFiles/feasststeppers.dir/plugin/steppers/src/density.cpp.o
[ 59%] Building CXX object CMakeFiles/feasstcharge.dir/plugin/charge/src/slab_correction.cpp.o
[ 60%] Building CXX object CMakeFiles/feasstpatch.dir/plugin/patch/src/movie_patch.cpp.o
[ 60%] Building CXX object CMakeFiles/feasstpatch.dir/plugin/patch/src/movie_spherocylinder.cpp.o
[ 61%] Building CXX object CMakeFiles/feasstcharge.dir/plugin/charge/src/trial_add_multiple.cpp.o
[ 61%] Building CXX object CMakeFiles/feasstcharge.dir/plugin/charge/src/trial_remove_multiple.cpp.o
[ 61%] Building CXX object CMakeFiles/feasststeppers.dir/plugin/steppers/src/density_profile.cpp.o
[ 61%] Building CXX object CMakeFiles/feasstcluster.dir/plugin/cluster/src/perturb_move_avb.cpp.o
[ 61%] Building CXX object CMakeFiles/feasstpatch.dir/plugin/patch/src/patch_angle.cpp.o
[ 61%] Building CXX object CMakeFiles/feasstpatch.dir/plugin/patch/src/solid_of_revolution_table.cpp.o
[ 61%] Building CXX object CMakeFiles/feasstcluster.dir/plugin/cluster/src/perturb_point_reflect.cpp.o
[ 61%] Building CXX object CMakeFiles/feasstcluster.dir/plugin/cluster/src/perturb_rotate_com.cpp.o
[ 62%] Building CXX object CMakeFiles/feasstcluster.dir/plugin/cluster/src/select_cluster.cpp.o
[ 62%] Building CXX object CMakeFiles/feasstcluster.dir/plugin/cluster/src/select_particle_avb.cpp.o
[ 63%] Building CXX object CMakeFiles/feasstpatch.dir/plugin/patch/src/spherocylinder.cpp.o
[ 63%] Building CXX object CMakeFiles/feasstcharge.dir/plugin/charge/src/trial_transfer_multiple.cpp.o
[ 63%] Building CXX object CMakeFiles/feasstpatch.dir/plugin/patch/src/two_particle_contact.cpp.o
[ 63%] Building CXX object CMakeFiles/feasstcluster.dir/plugin/cluster/src/select_particle_avb_divalent.cpp.o
[ 63%] Building CXX object CMakeFiles/feasstpatch.dir/plugin/patch/src/visit_model_inner_patch.cpp.o
[ 63%] Building CXX object CMakeFiles/feasstcluster.dir/plugin/cluster/src/trial_add_avb.cpp.o
[ 63%] Building CXX object CMakeFiles/feasstcharge.dir/plugin/charge/src/utils.cpp.o
[ 64%] Building CXX object CMakeFiles/feasstcluster.dir/plugin/cluster/src/trial_add_avb_divalent.cpp.o
[ 64%] Building CXX object CMakeFiles/feasststeppers.dir/plugin/steppers/src/energy.cpp.o
[ 64%] Building CXX object CMakeFiles/feasstcluster.dir/plugin/cluster/src/trial_avb2.cpp.o
[ 64%] Building CXX object CMakeFiles/feasstcluster.dir/plugin/cluster/src/trial_avb4.cpp.o
[ 64%] Building CXX object CMakeFiles/feasstcluster.dir/plugin/cluster/src/trial_remove_avb.cpp.o
[ 65%] Building CXX object CMakeFiles/feasstcluster.dir/plugin/cluster/src/trial_remove_avb_divalent.cpp.o
[ 65%] Building CXX object CMakeFiles/feasstcluster.dir/plugin/cluster/src/trial_rigid_cluster.cpp.o
[ 65%] Building CXX object CMakeFiles/feasstcluster.dir/plugin/cluster/src/trial_rotate_cluster.cpp.o
[ 66%] Linking CXX shared library libfeasstcharge.so
[ 66%] Linking CXX shared library libfeasstaniso.so
[ 66%] Built target feasstaniso
[ 66%] Building CXX object CMakeFiles/feasstcluster.dir/plugin/cluster/src/trial_transfer_avb.cpp.o
[ 66%] Building CXX object CMakeFiles/feasststeppers.dir/plugin/steppers/src/extensive_moments.cpp.o
[ 66%] Built target feasstcharge
[ 67%] Building CXX object CMakeFiles/feasststeppers.dir/plugin/steppers/src/heat_capacity.cpp.o
[ 67%] Building CXX object CMakeFiles/feasststeppers.dir/plugin/steppers/src/increment_phase.cpp.o
[ 67%] Building CXX object CMakeFiles/feasststeppers.dir/plugin/steppers/src/log.cpp.o
[ 67%] Building CXX object CMakeFiles/feasststeppers.dir/plugin/steppers/src/mean_squared_displacement.cpp.o
[ 67%] Linking CXX shared library libfeasstpatch.so
[ 68%] Building CXX object CMakeFiles/feasstcluster.dir/plugin/cluster/src/trial_transfer_avb_divalent.cpp.o
[ 68%] Built target feasstpatch
[ 68%] Building CXX object CMakeFiles/feasstcluster.dir/plugin/cluster/src/trial_translate_cluster.cpp.o
[ 69%] Building CXX object CMakeFiles/feasststeppers.dir/plugin/steppers/src/movie.cpp.o
[ 69%] Building CXX object CMakeFiles/feasststeppers.dir/plugin/steppers/src/num_particles.cpp.o
[ 69%] Building CXX object CMakeFiles/feasststeppers.dir/plugin/steppers/src/pair_distribution.cpp.o
[ 69%] Building CXX object CMakeFiles/feasststeppers.dir/plugin/steppers/src/profile_trials.cpp.o
[ 70%] Building CXX object CMakeFiles/feasststeppers.dir/plugin/steppers/src/read_config_from_file.cpp.o
[ 70%] Building CXX object CMakeFiles/feasststeppers.dir/plugin/steppers/src/scattering.cpp.o
[ 70%] Building CXX object CMakeFiles/feasststeppers.dir/plugin/steppers/src/seek_analyze.cpp.o
[ 70%] Building CXX object CMakeFiles/feasststeppers.dir/plugin/steppers/src/seek_modify.cpp.o
[ 71%] Building CXX object CMakeFiles/feasststeppers.dir/plugin/steppers/src/tune.cpp.o
[ 71%] Building CXX object CMakeFiles/feasststeppers.dir/plugin/steppers/src/volume.cpp.o
[ 71%] Building CXX object CMakeFiles/feasststeppers.dir/plugin/steppers/src/wall_clock_limit.cpp.o
[ 71%] Building CXX object CMakeFiles/feasststeppers.dir/plugin/steppers/src/wrap_particles.cpp.o
[ 72%] Building CXX object CMakeFiles/feasststeppers.dir/plugin/steppers/src/write_stepper.cpp.o
[ 72%] Linking CXX shared library libfeasstcluster.so
[ 72%] Built target feasstcluster
[ 72%] Building CXX object CMakeFiles/feasstchain.dir/plugin/chain/src/perturb_crankshaft.cpp.o
[ 72%] Building CXX object CMakeFiles/feasstchain.dir/plugin/chain/src/perturb_branch.cpp.o
[ 72%] Building CXX object CMakeFiles/feasstchain.dir/plugin/chain/src/perturb_connector.cpp.o
[ 72%] Building CXX object CMakeFiles/feasstchain.dir/plugin/chain/src/perturb_distance_angle_connector.cpp.o
[ 72%] Building CXX object CMakeFiles/feasstchain.dir/plugin/chain/src/analyze_bonds.cpp.o
[ 73%] Building CXX object CMakeFiles/feasstchain.dir/plugin/chain/src/end_to_end_distance.cpp.o
[ 73%] Building CXX object CMakeFiles/feasstchain.dir/plugin/chain/src/ghost_trial_grow.cpp.o
[ 73%] Building CXX object CMakeFiles/feasstchain.dir/plugin/chain/src/perturb_library.cpp.o
[ 74%] Building CXX object CMakeFiles/feasstchain.dir/plugin/chain/src/perturb_crankshaft_small.cpp.o
[ 74%] Building CXX object CMakeFiles/feasstchain.dir/plugin/chain/src/perturb_particle_pivot.cpp.o
[ 75%] Building CXX object CMakeFiles/feasstchain.dir/plugin/chain/src/perturb_pivot.cpp.o
[ 75%] Building CXX object CMakeFiles/feasstchain.dir/plugin/chain/src/perturb_position_swap.cpp.o
[ 75%] Building CXX object CMakeFiles/feasstchain.dir/plugin/chain/src/perturb_reptate.cpp.o
[ 75%] Building CXX object CMakeFiles/feasstchain.dir/plugin/chain/src/perturb_site_type.cpp.o
[ 76%] Building CXX object CMakeFiles/feasstchain.dir/plugin/chain/src/perturb_to_anchor.cpp.o
[ 76%] Building CXX object CMakeFiles/feasstchain.dir/plugin/chain/src/radius_of_gyration.cpp.o
[ 76%] Building CXX object CMakeFiles/feasstchain.dir/plugin/chain/src/select_branch.cpp.o
[ 76%] Building CXX object CMakeFiles/feasstchain.dir/plugin/chain/src/select_crankshaft_small.cpp.o
[ 77%] Building CXX object CMakeFiles/feasstchain.dir/plugin/chain/src/select_end_segment.cpp.o
[ 77%] Building CXX object CMakeFiles/feasstchain.dir/plugin/chain/src/select_particle_pivot.cpp.o
[ 77%] Building CXX object CMakeFiles/feasstchain.dir/plugin/chain/src/select_perturbed.cpp.o
[ 77%] Building CXX object CMakeFiles/feasstchain.dir/plugin/chain/src/select_reptate.cpp.o
[ 78%] Building CXX object CMakeFiles/feasstchain.dir/plugin/chain/src/select_segment.cpp.o
[ 78%] Building CXX object CMakeFiles/feasstchain.dir/plugin/chain/src/select_site_of_type.cpp.o
[ 78%] Building CXX object CMakeFiles/feasstchain.dir/plugin/chain/src/select_two_sites.cpp.o
[ 79%] Building CXX object CMakeFiles/feasstchain.dir/plugin/chain/src/trial_crankshaft.cpp.o
[ 79%] Linking CXX shared library libfeasststeppers.so
[ 79%] Building CXX object CMakeFiles/feasstchain.dir/plugin/chain/src/trial_crankshaft_small.cpp.o
[ 79%] Built target feasststeppers
[ 79%] Building CXX object CMakeFiles/feasstexample.dir/plugin/example/src/action_example.cpp.o
[ 79%] Building CXX object CMakeFiles/feasstchain.dir/plugin/chain/src/trial_grow.cpp.o
[ 79%] Building CXX object CMakeFiles/feasstchain.dir/plugin/chain/src/trial_grow_linear.cpp.o
[ 80%] Building CXX object CMakeFiles/feasstchain.dir/plugin/chain/src/trial_particle_pivot.cpp.o
[ 80%] Building CXX object CMakeFiles/feasstchain.dir/plugin/chain/src/trial_pivot.cpp.o
[ 80%] Building CXX object CMakeFiles/feasstchain.dir/plugin/chain/src/trial_reptate.cpp.o
[ 80%] Building CXX object CMakeFiles/feasstchain.dir/plugin/chain/src/trial_swap_sites.cpp.o
[ 80%] Building CXX object CMakeFiles/feasstexample.dir/plugin/example/src/analyze_example.cpp.o
[ 80%] Building CXX object CMakeFiles/feasstexample.dir/plugin/example/src/model_example.cpp.o
[ 81%] Building CXX object CMakeFiles/feasstexample.dir/plugin/example/src/model_param_example.cpp.o
[ 81%] Building CXX object CMakeFiles/feasstflat_histogram.dir/plugin/flat_histogram/src/clones.cpp.o
[ 81%] Building CXX object CMakeFiles/feasstflat_histogram.dir/plugin/flat_histogram/src/bias.cpp.o
[ 82%] Building CXX object CMakeFiles/feasstflat_histogram.dir/plugin/flat_histogram/src/collection_matrix.cpp.o
[ 82%] Building CXX object CMakeFiles/feasstflat_histogram.dir/plugin/flat_histogram/src/collection_matrix_splice.cpp.o
[ 82%] Building CXX object CMakeFiles/feasstflat_histogram.dir/plugin/flat_histogram/src/ensemble.cpp.o
[ 82%] Building CXX object CMakeFiles/feasstflat_histogram.dir/plugin/flat_histogram/src/flat_histogram.cpp.o
[ 83%] Building CXX object CMakeFiles/feasstflat_histogram.dir/plugin/flat_histogram/src/ln_probability.cpp.o
[ 83%] Building CXX object CMakeFiles/feasstflat_histogram.dir/plugin/flat_histogram/src/macrostate.cpp.o
[ 83%] Building CXX object CMakeFiles/feasstflat_histogram.dir/plugin/flat_histogram/src/macrostate_energy.cpp.o
[ 83%] Linking CXX shared library libfeasstexample.so
[ 83%] Built target feasstexample
[ 83%] Building CXX object CMakeFiles/feasstmodels.dir/plugin/models/src/angle_harmonic.cpp.o
[ 83%] Building CXX object CMakeFiles/feasstmodels.dir/plugin/models/src/bond_harmonic.cpp.o
[ 84%] Building CXX object CMakeFiles/feasstmodels.dir/plugin/models/src/dihedral_harmonic.cpp.o
[ 84%] Building CXX object CMakeFiles/feasstmodels.dir/plugin/models/src/dihedral_ryckaert_bellemans.cpp.o
[ 84%] Building CXX object CMakeFiles/feasstflat_histogram.dir/plugin/flat_histogram/src/macrostate_num_particles.cpp.o
[ 85%] Building CXX object CMakeFiles/feasstflat_histogram.dir/plugin/flat_histogram/src/macrostate_position.cpp.o
[ 85%] Building CXX object CMakeFiles/feasstflat_histogram.dir/plugin/flat_histogram/src/transition_matrix.cpp.o
[ 85%] Building CXX object CMakeFiles/feasstflat_histogram.dir/plugin/flat_histogram/src/wang_landau.cpp.o
[ 85%] Building CXX object CMakeFiles/feasstflat_histogram.dir/plugin/flat_histogram/src/window.cpp.o
[ 85%] Building CXX object CMakeFiles/feasstmodels.dir/plugin/models/src/dihedral_trappe.cpp.o
[ 85%] Building CXX object CMakeFiles/feasstmodels.dir/plugin/models/src/fene.cpp.o
[ 86%] Building CXX object CMakeFiles/feasstmodels.dir/plugin/models/src/jagla.cpp.o
[ 87%] Building CXX object CMakeFiles/feasstflat_histogram.dir/plugin/flat_histogram/src/window_custom.cpp.o
[ 87%] Building CXX object CMakeFiles/feasstflat_histogram.dir/plugin/flat_histogram/src/window_exponential.cpp.o
[ 87%] Building CXX object CMakeFiles/feasstflat_histogram.dir/plugin/flat_histogram/src/wltm.cpp.o
[ 87%] Building CXX object CMakeFiles/feasstmodels.dir/plugin/models/src/lennard_jones_alpha.cpp.o
[ 87%] Building CXX object CMakeFiles/feasstmodels.dir/plugin/models/src/lennard_jones_cut_shift.cpp.o
[ 88%] Building CXX object CMakeFiles/feasstmodels.dir/plugin/models/src/lennard_jones_force_shift.cpp.o
[ 88%] Building CXX object CMakeFiles/feasstmodels.dir/plugin/models/src/mie.cpp.o
[ 88%] Building CXX object CMakeFiles/feasstmodels.dir/plugin/models/src/mie_parameters.cpp.o
[ 88%] Building CXX object CMakeFiles/feasstmodels.dir/plugin/models/src/square_well.cpp.o
[ 89%] Building CXX object CMakeFiles/feasstmodels.dir/plugin/models/src/table_potential.cpp.o
[ 89%] Building CXX object CMakeFiles/feasstmodels.dir/plugin/models/src/two_body_alpha.cpp.o
[ 89%] Building CXX object CMakeFiles/feasstmodels.dir/plugin/models/src/two_body_table.cpp.o
[ 89%] Building CXX object CMakeFiles/feasstmodels.dir/plugin/models/src/yukawa.cpp.o
[ 89%] Linking CXX shared library libfeasstflat_histogram.so
[ 89%] Built target feasstflat_histogram
[ 89%] Building CXX object CMakeFiles/feasstmodel_expanded.dir/plugin/model_expanded/src/compute_model.cpp.o
[ 89%] Building CXX object CMakeFiles/feasstegce.dir/plugin/egce/src/a_equal_b.cpp.o
[ 89%] Building CXX object CMakeFiles/feasstmodel_expanded.dir/plugin/model_expanded/src/model_expanded.cpp.o
[ 89%] Building CXX object CMakeFiles/feasstmodel_expanded.dir/plugin/model_expanded/src/perturb_model.cpp.o
[ 89%] Building CXX object CMakeFiles/feasstegce.dir/plugin/egce/src/a_half_b.cpp.o
[ 90%] Building CXX object CMakeFiles/feasstmodel_expanded.dir/plugin/model_expanded/src/macrostate_model.cpp.o
[ 90%] Building CXX object CMakeFiles/feasstmodel_expanded.dir/plugin/model_expanded/src/trial_model.cpp.o
[ 90%] Building CXX object CMakeFiles/feasstbeta_expanded.dir/plugin/beta_expanded/src/perturb_beta.cpp.o
[ 90%] Building CXX object CMakeFiles/feasstbeta_expanded.dir/plugin/beta_expanded/src/macrostate_beta.cpp.o
[ 91%] Building CXX object CMakeFiles/feasstmodel_expanded.dir/plugin/model_expanded/src/constrain_model_index.cpp.o
[ 92%] Building CXX object CMakeFiles/feasstbeta_expanded.dir/plugin/beta_expanded/src/compute_beta.cpp.o
[ 92%] Building CXX object CMakeFiles/feasstbeta_expanded.dir/plugin/beta_expanded/src/select_nothing.cpp.o
[ 93%] Building CXX object CMakeFiles/feasstbeta_expanded.dir/plugin/beta_expanded/src/trial_beta.cpp.o
[ 94%] Linking CXX shared library libfeasstchain.so
[ 94%] Built target feasstchain
[ 94%] Building CXX object CMakeFiles/feasstmorph.dir/plugin/morph/src/macrostate_morph.cpp.o
[ 95%] Building CXX object CMakeFiles/feasstmorph.dir/plugin/morph/src/compute_morph.cpp.o
[ 95%] Building CXX object CMakeFiles/feasstmorph.dir/plugin/morph/src/perturb_particle_type.cpp.o
[ 95%] Building CXX object CMakeFiles/feasstmorph.dir/plugin/morph/src/trial_morph.cpp.o
[ 96%] Building CXX object CMakeFiles/feasstmorph.dir/plugin/morph/src/trial_morph_expanded.cpp.o
[ 97%] Linking CXX shared library libfeasstegce.so
[ 97%] Built target feasstegce
[ 98%] Linking CXX shared library libfeasstmodels.so
[ 98%] Built target feasstmodels
[ 98%] Linking CXX shared library libfeasstmodel_expanded.so
[ 98%] Built target feasstmodel_expanded
[ 98%] Linking CXX shared library libfeasstbeta_expanded.so
[ 98%] Built target feasstbeta_expanded
[ 98%] Linking CXX shared library libfeasstmorph.so
[ 98%] Built target feasstmorph
[ 99%] Building CXX object CMakeFiles/rst.dir/plugin/feasst/src/restart.cpp.o
[ 99%] Building CXX object CMakeFiles/fst.dir/plugin/feasst/src/feasst.cpp.o
[100%] Linking CXX executable bin/rst
[100%] Built target rst
[100%] Linking CXX executable bin/fst
[100%] Built target fst
Install the project...
-- Install configuration: ""
-- Installing: /home/hwh/dormms/src/dormms/lennard_jones/reference_configurations/feasst-v0.25.3/build/include/threads/include/thread.h
-- Installing: /home/hwh/dormms/src/dormms/lennard_jones/reference_configurations/feasst-v0.25.3/build/include/threads/include/thread_omp.h
-- Installing: /home/hwh/dormms/src/dormms/lennard_jones/reference_configurations/feasst-v0.25.3/build/include/utils/include/argument_parse.h
-- Installing: /home/hwh/dormms/src/dormms/lennard_jones/reference_configurations/feasst-v0.25.3/build/include/utils/include/arguments.h
-- Installing: /home/hwh/dormms/src/dormms/lennard_jones/reference_configurations/feasst-v0.25.3/build/include/utils/include/arguments_extra.h
-- Installing: /home/hwh/dormms/src/dormms/lennard_jones/reference_configurations/feasst-v0.25.3/build/include/utils/include/cache.h
-- Installing: /home/hwh/dormms/src/dormms/lennard_jones/reference_configurations/feasst-v0.25.3/build/include/utils/include/checkpoint.h
-- Installing: /home/hwh/dormms/src/dormms/lennard_jones/reference_configurations/feasst-v0.25.3/build/include/utils/include/custom_exception.h
-- Installing: /home/hwh/dormms/src/dormms/lennard_jones/reference_configurations/feasst-v0.25.3/build/include/utils/include/debug.h
-- Installing: /home/hwh/dormms/src/dormms/lennard_jones/reference_configurations/feasst-v0.25.3/build/include/utils/include/file.h
-- Installing: /home/hwh/dormms/src/dormms/lennard_jones/reference_configurations/feasst-v0.25.3/build/include/utils/include/io.h
-- Installing: /home/hwh/dormms/src/dormms/lennard_jones/reference_configurations/feasst-v0.25.3/build/include/utils/include/max_precision.h
-- Installing: /home/hwh/dormms/src/dormms/lennard_jones/reference_configurations/feasst-v0.25.3/build/include/utils/include/progress_report.h
-- Installing: /home/hwh/dormms/src/dormms/lennard_jones/reference_configurations/feasst-v0.25.3/build/include/utils/include/serialize.h
-- Installing: /home/hwh/dormms/src/dormms/lennard_jones/reference_configurations/feasst-v0.25.3/build/include/utils/include/serialize_extra.h
-- Installing: /home/hwh/dormms/src/dormms/lennard_jones/reference_configurations/feasst-v0.25.3/build/include/utils/include/timer.h
-- Installing: /home/hwh/dormms/src/dormms/lennard_jones/reference_configurations/feasst-v0.25.3/build/include/utils/include/utils.h
-- Installing: /home/hwh/dormms/src/dormms/lennard_jones/reference_configurations/feasst-v0.25.3/build/include/math/include/accumulator.h
-- Installing: /home/hwh/dormms/src/dormms/lennard_jones/reference_configurations/feasst-v0.25.3/build/include/math/include/constants.h
-- Installing: /home/hwh/dormms/src/dormms/lennard_jones/reference_configurations/feasst-v0.25.3/build/include/math/include/euler.h
-- Installing: /home/hwh/dormms/src/dormms/lennard_jones/reference_configurations/feasst-v0.25.3/build/include/math/include/formula.h
-- Installing: /home/hwh/dormms/src/dormms/lennard_jones/reference_configurations/feasst-v0.25.3/build/include/math/include/formula_exponential.h
-- Installing: /home/hwh/dormms/src/dormms/lennard_jones/reference_configurations/feasst-v0.25.3/build/include/math/include/formula_polynomial.h
-- Installing: /home/hwh/dormms/src/dormms/lennard_jones/reference_configurations/feasst-v0.25.3/build/include/math/include/golden_search.h
-- Installing: /home/hwh/dormms/src/dormms/lennard_jones/reference_configurations/feasst-v0.25.3/build/include/math/include/histogram.h
-- Installing: /home/hwh/dormms/src/dormms/lennard_jones/reference_configurations/feasst-v0.25.3/build/include/math/include/matrix.h
-- Installing: /home/hwh/dormms/src/dormms/lennard_jones/reference_configurations/feasst-v0.25.3/build/include/math/include/minimize.h
-- Installing: /home/hwh/dormms/src/dormms/lennard_jones/reference_configurations/feasst-v0.25.3/build/include/math/include/position.h
-- Installing: /home/hwh/dormms/src/dormms/lennard_jones/reference_configurations/feasst-v0.25.3/build/include/math/include/quadratic_equation.h
-- Installing: /home/hwh/dormms/src/dormms/lennard_jones/reference_configurations/feasst-v0.25.3/build/include/math/include/random.h
-- Installing: /home/hwh/dormms/src/dormms/lennard_jones/reference_configurations/feasst-v0.25.3/build/include/math/include/random_modulo.h
-- Installing: /home/hwh/dormms/src/dormms/lennard_jones/reference_configurations/feasst-v0.25.3/build/include/math/include/random_mt19937.h
-- Installing: /home/hwh/dormms/src/dormms/lennard_jones/reference_configurations/feasst-v0.25.3/build/include/math/include/solver.h
-- Installing: /home/hwh/dormms/src/dormms/lennard_jones/reference_configurations/feasst-v0.25.3/build/include/math/include/solver_bisection.h
-- Installing: /home/hwh/dormms/src/dormms/lennard_jones/reference_configurations/feasst-v0.25.3/build/include/math/include/solver_brent_dekker.h
-- Installing: /home/hwh/dormms/src/dormms/lennard_jones/reference_configurations/feasst-v0.25.3/build/include/math/include/solver_newton_raphson.h
-- Installing: /home/hwh/dormms/src/dormms/lennard_jones/reference_configurations/feasst-v0.25.3/build/include/math/include/table.h
-- Installing: /home/hwh/dormms/src/dormms/lennard_jones/reference_configurations/feasst-v0.25.3/build/include/math/include/utils_math.h
-- Installing: /home/hwh/dormms/src/dormms/lennard_jones/reference_configurations/feasst-v0.25.3/build/include/configuration/include/bond.h
-- Installing: /home/hwh/dormms/src/dormms/lennard_jones/reference_configurations/feasst-v0.25.3/build/include/configuration/include/configuration.h
-- Installing: /home/hwh/dormms/src/dormms/lennard_jones/reference_configurations/feasst-v0.25.3/build/include/configuration/include/domain.h
-- Installing: /home/hwh/dormms/src/dormms/lennard_jones/reference_configurations/feasst-v0.25.3/build/include/configuration/include/file_particle.h
-- Installing: /home/hwh/dormms/src/dormms/lennard_jones/reference_configurations/feasst-v0.25.3/build/include/configuration/include/file_vmd.h
-- Installing: /home/hwh/dormms/src/dormms/lennard_jones/reference_configurations/feasst-v0.25.3/build/include/configuration/include/file_xyz.h
-- Installing: /home/hwh/dormms/src/dormms/lennard_jones/reference_configurations/feasst-v0.25.3/build/include/configuration/include/group.h
-- Installing: /home/hwh/dormms/src/dormms/lennard_jones/reference_configurations/feasst-v0.25.3/build/include/configuration/include/model_params.h
-- Installing: /home/hwh/dormms/src/dormms/lennard_jones/reference_configurations/feasst-v0.25.3/build/include/configuration/include/neighbor_criteria.h
-- Installing: /home/hwh/dormms/src/dormms/lennard_jones/reference_configurations/feasst-v0.25.3/build/include/configuration/include/particle.h
-- Installing: /home/hwh/dormms/src/dormms/lennard_jones/reference_configurations/feasst-v0.25.3/build/include/configuration/include/particle_factory.h
-- Installing: /home/hwh/dormms/src/dormms/lennard_jones/reference_configurations/feasst-v0.25.3/build/include/configuration/include/physical_constants.h
-- Installing: /home/hwh/dormms/src/dormms/lennard_jones/reference_configurations/feasst-v0.25.3/build/include/configuration/include/properties.h
-- Installing: /home/hwh/dormms/src/dormms/lennard_jones/reference_configurations/feasst-v0.25.3/build/include/configuration/include/select.h
-- Installing: /home/hwh/dormms/src/dormms/lennard_jones/reference_configurations/feasst-v0.25.3/build/include/configuration/include/site.h
-- Installing: /home/hwh/dormms/src/dormms/lennard_jones/reference_configurations/feasst-v0.25.3/build/include/configuration/include/visit_configuration.h
-- Installing: /home/hwh/dormms/src/dormms/lennard_jones/reference_configurations/feasst-v0.25.3/build/include/configuration/include/visit_particles.h
-- Installing: /home/hwh/dormms/src/dormms/lennard_jones/reference_configurations/feasst-v0.25.3/build/include/system/include/angle_square_well.h
-- Installing: /home/hwh/dormms/src/dormms/lennard_jones/reference_configurations/feasst-v0.25.3/build/include/system/include/bond_four_body.h
-- Installing: /home/hwh/dormms/src/dormms/lennard_jones/reference_configurations/feasst-v0.25.3/build/include/system/include/bond_square_well.h
-- Installing: /home/hwh/dormms/src/dormms/lennard_jones/reference_configurations/feasst-v0.25.3/build/include/system/include/bond_three_body.h
-- Installing: /home/hwh/dormms/src/dormms/lennard_jones/reference_configurations/feasst-v0.25.3/build/include/system/include/bond_two_body.h
-- Installing: /home/hwh/dormms/src/dormms/lennard_jones/reference_configurations/feasst-v0.25.3/build/include/system/include/bond_visitor.h
-- Installing: /home/hwh/dormms/src/dormms/lennard_jones/reference_configurations/feasst-v0.25.3/build/include/system/include/cells.h
-- Installing: /home/hwh/dormms/src/dormms/lennard_jones/reference_configurations/feasst-v0.25.3/build/include/system/include/cutoff_outer.h
-- Installing: /home/hwh/dormms/src/dormms/lennard_jones/reference_configurations/feasst-v0.25.3/build/include/system/include/dont_visit_model.h
-- Installing: /home/hwh/dormms/src/dormms/lennard_jones/reference_configurations/feasst-v0.25.3/build/include/system/include/energy_map.h
-- Installing: /home/hwh/dormms/src/dormms/lennard_jones/reference_configurations/feasst-v0.25.3/build/include/system/include/hard_sphere.h
-- Installing: /home/hwh/dormms/src/dormms/lennard_jones/reference_configurations/feasst-v0.25.3/build/include/system/include/ideal_gas.h
-- Installing: /home/hwh/dormms/src/dormms/lennard_jones/reference_configurations/feasst-v0.25.3/build/include/system/include/lennard_jones.h
-- Installing: /home/hwh/dormms/src/dormms/lennard_jones/reference_configurations/feasst-v0.25.3/build/include/system/include/long_range_corrections.h
-- Installing: /home/hwh/dormms/src/dormms/lennard_jones/reference_configurations/feasst-v0.25.3/build/include/system/include/model.h
-- Installing: /home/hwh/dormms/src/dormms/lennard_jones/reference_configurations/feasst-v0.25.3/build/include/system/include/model_empty.h
-- Installing: /home/hwh/dormms/src/dormms/lennard_jones/reference_configurations/feasst-v0.25.3/build/include/system/include/model_one_body.h
-- Installing: /home/hwh/dormms/src/dormms/lennard_jones/reference_configurations/feasst-v0.25.3/build/include/system/include/model_three_body.h
-- Installing: /home/hwh/dormms/src/dormms/lennard_jones/reference_configurations/feasst-v0.25.3/build/include/system/include/model_two_body.h
-- Installing: /home/hwh/dormms/src/dormms/lennard_jones/reference_configurations/feasst-v0.25.3/build/include/system/include/model_two_body_factory.h
-- Installing: /home/hwh/dormms/src/dormms/lennard_jones/reference_configurations/feasst-v0.25.3/build/include/system/include/model_two_body_table.h
-- Installing: /home/hwh/dormms/src/dormms/lennard_jones/reference_configurations/feasst-v0.25.3/build/include/system/include/potential.h
-- Installing: /home/hwh/dormms/src/dormms/lennard_jones/reference_configurations/feasst-v0.25.3/build/include/system/include/potential_factory.h
-- Installing: /home/hwh/dormms/src/dormms/lennard_jones/reference_configurations/feasst-v0.25.3/build/include/system/include/rigid_angle.h
-- Installing: /home/hwh/dormms/src/dormms/lennard_jones/reference_configurations/feasst-v0.25.3/build/include/system/include/rigid_bond.h
-- Installing: /home/hwh/dormms/src/dormms/lennard_jones/reference_configurations/feasst-v0.25.3/build/include/system/include/rigid_dihedral.h
-- Installing: /home/hwh/dormms/src/dormms/lennard_jones/reference_configurations/feasst-v0.25.3/build/include/system/include/synchronize_data.h
-- Installing: /home/hwh/dormms/src/dormms/lennard_jones/reference_configurations/feasst-v0.25.3/build/include/system/include/system.h
-- Installing: /home/hwh/dormms/src/dormms/lennard_jones/reference_configurations/feasst-v0.25.3/build/include/system/include/thermo_params.h
-- Installing: /home/hwh/dormms/src/dormms/lennard_jones/reference_configurations/feasst-v0.25.3/build/include/system/include/visit_model.h
-- Installing: /home/hwh/dormms/src/dormms/lennard_jones/reference_configurations/feasst-v0.25.3/build/include/system/include/visit_model_bond.h
-- Installing: /home/hwh/dormms/src/dormms/lennard_jones/reference_configurations/feasst-v0.25.3/build/include/system/include/visit_model_cell.h
-- Installing: /home/hwh/dormms/src/dormms/lennard_jones/reference_configurations/feasst-v0.25.3/build/include/system/include/visit_model_cutoff_outer.h
-- Installing: /home/hwh/dormms/src/dormms/lennard_jones/reference_configurations/feasst-v0.25.3/build/include/system/include/visit_model_inner.h
-- Installing: /home/hwh/dormms/src/dormms/lennard_jones/reference_configurations/feasst-v0.25.3/build/include/system/include/visit_model_intra.h
-- Installing: /home/hwh/dormms/src/dormms/lennard_jones/reference_configurations/feasst-v0.25.3/build/include/system/include/visit_model_intra_map.h
-- Installing: /home/hwh/dormms/src/dormms/lennard_jones/reference_configurations/feasst-v0.25.3/build/include/opt_lj/include/visit_model_opt_lj.h
-- Installing: /home/hwh/dormms/src/dormms/lennard_jones/reference_configurations/feasst-v0.25.3/build/include/opt_lj/include/visit_model_opt_rpm.h
-- Installing: /home/hwh/dormms/src/dormms/lennard_jones/reference_configurations/feasst-v0.25.3/build/include/steppers/include/check.h
-- Installing: /home/hwh/dormms/src/dormms/lennard_jones/reference_configurations/feasst-v0.25.3/build/include/steppers/include/check_energy.h
-- Installing: /home/hwh/dormms/src/dormms/lennard_jones/reference_configurations/feasst-v0.25.3/build/include/steppers/include/check_physicality.h
-- Installing: /home/hwh/dormms/src/dormms/lennard_jones/reference_configurations/feasst-v0.25.3/build/include/steppers/include/check_properties.h
-- Installing: /home/hwh/dormms/src/dormms/lennard_jones/reference_configurations/feasst-v0.25.3/build/include/steppers/include/chirality_2d.h
-- Installing: /home/hwh/dormms/src/dormms/lennard_jones/reference_configurations/feasst-v0.25.3/build/include/steppers/include/cpu_time.h
-- Installing: /home/hwh/dormms/src/dormms/lennard_jones/reference_configurations/feasst-v0.25.3/build/include/steppers/include/criteria_updater.h
-- Installing: /home/hwh/dormms/src/dormms/lennard_jones/reference_configurations/feasst-v0.25.3/build/include/steppers/include/criteria_writer.h
-- Installing: /home/hwh/dormms/src/dormms/lennard_jones/reference_configurations/feasst-v0.25.3/build/include/steppers/include/density.h
-- Installing: /home/hwh/dormms/src/dormms/lennard_jones/reference_configurations/feasst-v0.25.3/build/include/steppers/include/density_profile.h
-- Installing: /home/hwh/dormms/src/dormms/lennard_jones/reference_configurations/feasst-v0.25.3/build/include/steppers/include/energy.h
-- Installing: /home/hwh/dormms/src/dormms/lennard_jones/reference_configurations/feasst-v0.25.3/build/include/steppers/include/extensive_moments.h
-- Installing: /home/hwh/dormms/src/dormms/lennard_jones/reference_configurations/feasst-v0.25.3/build/include/steppers/include/heat_capacity.h
-- Installing: /home/hwh/dormms/src/dormms/lennard_jones/reference_configurations/feasst-v0.25.3/build/include/steppers/include/increment_phase.h
-- Installing: /home/hwh/dormms/src/dormms/lennard_jones/reference_configurations/feasst-v0.25.3/build/include/steppers/include/log.h
-- Installing: /home/hwh/dormms/src/dormms/lennard_jones/reference_configurations/feasst-v0.25.3/build/include/steppers/include/mean_squared_displacement.h
-- Installing: /home/hwh/dormms/src/dormms/lennard_jones/reference_configurations/feasst-v0.25.3/build/include/steppers/include/movie.h
-- Installing: /home/hwh/dormms/src/dormms/lennard_jones/reference_configurations/feasst-v0.25.3/build/include/steppers/include/num_particles.h
-- Installing: /home/hwh/dormms/src/dormms/lennard_jones/reference_configurations/feasst-v0.25.3/build/include/steppers/include/pair_distribution.h
-- Installing: /home/hwh/dormms/src/dormms/lennard_jones/reference_configurations/feasst-v0.25.3/build/include/steppers/include/profile_trials.h
-- Installing: /home/hwh/dormms/src/dormms/lennard_jones/reference_configurations/feasst-v0.25.3/build/include/steppers/include/read_config_from_file.h
-- Installing: /home/hwh/dormms/src/dormms/lennard_jones/reference_configurations/feasst-v0.25.3/build/include/steppers/include/scattering.h
-- Installing: /home/hwh/dormms/src/dormms/lennard_jones/reference_configurations/feasst-v0.25.3/build/include/steppers/include/seek_analyze.h
-- Installing: /home/hwh/dormms/src/dormms/lennard_jones/reference_configurations/feasst-v0.25.3/build/include/steppers/include/seek_modify.h
-- Installing: /home/hwh/dormms/src/dormms/lennard_jones/reference_configurations/feasst-v0.25.3/build/include/steppers/include/tune.h
-- Installing: /home/hwh/dormms/src/dormms/lennard_jones/reference_configurations/feasst-v0.25.3/build/include/steppers/include/volume.h
-- Installing: /home/hwh/dormms/src/dormms/lennard_jones/reference_configurations/feasst-v0.25.3/build/include/steppers/include/wall_clock_limit.h
-- Installing: /home/hwh/dormms/src/dormms/lennard_jones/reference_configurations/feasst-v0.25.3/build/include/steppers/include/wrap_particles.h
-- Installing: /home/hwh/dormms/src/dormms/lennard_jones/reference_configurations/feasst-v0.25.3/build/include/steppers/include/write_stepper.h
-- Installing: /home/hwh/dormms/src/dormms/lennard_jones/reference_configurations/feasst-v0.25.3/build/include/monte_carlo/include/acceptance.h
-- Installing: /home/hwh/dormms/src/dormms/lennard_jones/reference_configurations/feasst-v0.25.3/build/include/monte_carlo/include/action.h
-- Installing: /home/hwh/dormms/src/dormms/lennard_jones/reference_configurations/feasst-v0.25.3/build/include/monte_carlo/include/always_reject.h
-- Installing: /home/hwh/dormms/src/dormms/lennard_jones/reference_configurations/feasst-v0.25.3/build/include/monte_carlo/include/analyze.h
-- Installing: /home/hwh/dormms/src/dormms/lennard_jones/reference_configurations/feasst-v0.25.3/build/include/monte_carlo/include/analyze_factory.h
-- Installing: /home/hwh/dormms/src/dormms/lennard_jones/reference_configurations/feasst-v0.25.3/build/include/monte_carlo/include/constrain_num_particles.h
-- Installing: /home/hwh/dormms/src/dormms/lennard_jones/reference_configurations/feasst-v0.25.3/build/include/monte_carlo/include/constrain_volume_by_cutoff.h
-- Installing: /home/hwh/dormms/src/dormms/lennard_jones/reference_configurations/feasst-v0.25.3/build/include/monte_carlo/include/constraint.h
-- Installing: /home/hwh/dormms/src/dormms/lennard_jones/reference_configurations/feasst-v0.25.3/build/include/monte_carlo/include/convert_to_ref_potential.h
-- Installing: /home/hwh/dormms/src/dormms/lennard_jones/reference_configurations/feasst-v0.25.3/build/include/monte_carlo/include/criteria.h
-- Installing: /home/hwh/dormms/src/dormms/lennard_jones/reference_configurations/feasst-v0.25.3/build/include/monte_carlo/include/metropolis.h
-- Installing: /home/hwh/dormms/src/dormms/lennard_jones/reference_configurations/feasst-v0.25.3/build/include/monte_carlo/include/modify.h
-- Installing: /home/hwh/dormms/src/dormms/lennard_jones/reference_configurations/feasst-v0.25.3/build/include/monte_carlo/include/modify_factory.h
-- Installing: /home/hwh/dormms/src/dormms/lennard_jones/reference_configurations/feasst-v0.25.3/build/include/monte_carlo/include/monte_carlo.h
-- Installing: /home/hwh/dormms/src/dormms/lennard_jones/reference_configurations/feasst-v0.25.3/build/include/monte_carlo/include/perturb.h
-- Installing: /home/hwh/dormms/src/dormms/lennard_jones/reference_configurations/feasst-v0.25.3/build/include/monte_carlo/include/perturb_add.h
-- Installing: /home/hwh/dormms/src/dormms/lennard_jones/reference_configurations/feasst-v0.25.3/build/include/monte_carlo/include/perturb_anywhere.h
-- Installing: /home/hwh/dormms/src/dormms/lennard_jones/reference_configurations/feasst-v0.25.3/build/include/monte_carlo/include/perturb_dihedral.h
-- Installing: /home/hwh/dormms/src/dormms/lennard_jones/reference_configurations/feasst-v0.25.3/build/include/monte_carlo/include/perturb_distance.h
-- Installing: /home/hwh/dormms/src/dormms/lennard_jones/reference_configurations/feasst-v0.25.3/build/include/monte_carlo/include/perturb_distance_angle.h
-- Installing: /home/hwh/dormms/src/dormms/lennard_jones/reference_configurations/feasst-v0.25.3/build/include/monte_carlo/include/perturb_move.h
-- Installing: /home/hwh/dormms/src/dormms/lennard_jones/reference_configurations/feasst-v0.25.3/build/include/monte_carlo/include/perturb_remove.h
-- Installing: /home/hwh/dormms/src/dormms/lennard_jones/reference_configurations/feasst-v0.25.3/build/include/monte_carlo/include/perturb_rotate.h
-- Installing: /home/hwh/dormms/src/dormms/lennard_jones/reference_configurations/feasst-v0.25.3/build/include/monte_carlo/include/perturb_translate.h
-- Installing: /home/hwh/dormms/src/dormms/lennard_jones/reference_configurations/feasst-v0.25.3/build/include/monte_carlo/include/perturb_volume.h
-- Installing: /home/hwh/dormms/src/dormms/lennard_jones/reference_configurations/feasst-v0.25.3/build/include/monte_carlo/include/ref_potential.h
-- Installing: /home/hwh/dormms/src/dormms/lennard_jones/reference_configurations/feasst-v0.25.3/build/include/monte_carlo/include/remove_analyze.h
-- Installing: /home/hwh/dormms/src/dormms/lennard_jones/reference_configurations/feasst-v0.25.3/build/include/monte_carlo/include/remove_modify.h
-- Installing: /home/hwh/dormms/src/dormms/lennard_jones/reference_configurations/feasst-v0.25.3/build/include/monte_carlo/include/remove_trial.h
-- Installing: /home/hwh/dormms/src/dormms/lennard_jones/reference_configurations/feasst-v0.25.3/build/include/monte_carlo/include/rosenbluth.h
-- Installing: /home/hwh/dormms/src/dormms/lennard_jones/reference_configurations/feasst-v0.25.3/build/include/monte_carlo/include/run.h
-- Installing: /home/hwh/dormms/src/dormms/lennard_jones/reference_configurations/feasst-v0.25.3/build/include/monte_carlo/include/seek_num_particles.h
-- Installing: /home/hwh/dormms/src/dormms/lennard_jones/reference_configurations/feasst-v0.25.3/build/include/monte_carlo/include/stepper.h
-- Installing: /home/hwh/dormms/src/dormms/lennard_jones/reference_configurations/feasst-v0.25.3/build/include/monte_carlo/include/trial.h
-- Installing: /home/hwh/dormms/src/dormms/lennard_jones/reference_configurations/feasst-v0.25.3/build/include/monte_carlo/include/trial_add.h
-- Installing: /home/hwh/dormms/src/dormms/lennard_jones/reference_configurations/feasst-v0.25.3/build/include/monte_carlo/include/trial_compute.h
-- Installing: /home/hwh/dormms/src/dormms/lennard_jones/reference_configurations/feasst-v0.25.3/build/include/monte_carlo/include/trial_compute_add.h
-- Installing: /home/hwh/dormms/src/dormms/lennard_jones/reference_configurations/feasst-v0.25.3/build/include/monte_carlo/include/trial_compute_move.h
-- Installing: /home/hwh/dormms/src/dormms/lennard_jones/reference_configurations/feasst-v0.25.3/build/include/monte_carlo/include/trial_compute_remove.h
-- Installing: /home/hwh/dormms/src/dormms/lennard_jones/reference_configurations/feasst-v0.25.3/build/include/monte_carlo/include/trial_compute_translate.h
-- Installing: /home/hwh/dormms/src/dormms/lennard_jones/reference_configurations/feasst-v0.25.3/build/include/monte_carlo/include/trial_compute_volume.h
-- Installing: /home/hwh/dormms/src/dormms/lennard_jones/reference_configurations/feasst-v0.25.3/build/include/monte_carlo/include/trial_factory.h
-- Installing: /home/hwh/dormms/src/dormms/lennard_jones/reference_configurations/feasst-v0.25.3/build/include/monte_carlo/include/trial_move.h
-- Installing: /home/hwh/dormms/src/dormms/lennard_jones/reference_configurations/feasst-v0.25.3/build/include/monte_carlo/include/trial_remove.h
-- Installing: /home/hwh/dormms/src/dormms/lennard_jones/reference_configurations/feasst-v0.25.3/build/include/monte_carlo/include/trial_rotate.h
-- Installing: /home/hwh/dormms/src/dormms/lennard_jones/reference_configurations/feasst-v0.25.3/build/include/monte_carlo/include/trial_select.h
-- Installing: /home/hwh/dormms/src/dormms/lennard_jones/reference_configurations/feasst-v0.25.3/build/include/monte_carlo/include/trial_select_all.h
-- Installing: /home/hwh/dormms/src/dormms/lennard_jones/reference_configurations/feasst-v0.25.3/build/include/monte_carlo/include/trial_select_angle.h
-- Installing: /home/hwh/dormms/src/dormms/lennard_jones/reference_configurations/feasst-v0.25.3/build/include/monte_carlo/include/trial_select_bond.h
-- Installing: /home/hwh/dormms/src/dormms/lennard_jones/reference_configurations/feasst-v0.25.3/build/include/monte_carlo/include/trial_select_dihedral.h
-- Installing: /home/hwh/dormms/src/dormms/lennard_jones/reference_configurations/feasst-v0.25.3/build/include/monte_carlo/include/trial_select_particle.h
-- Installing: /home/hwh/dormms/src/dormms/lennard_jones/reference_configurations/feasst-v0.25.3/build/include/monte_carlo/include/trial_stage.h
-- Installing: /home/hwh/dormms/src/dormms/lennard_jones/reference_configurations/feasst-v0.25.3/build/include/monte_carlo/include/trial_transfer.h
-- Installing: /home/hwh/dormms/src/dormms/lennard_jones/reference_configurations/feasst-v0.25.3/build/include/monte_carlo/include/trial_translate.h
-- Installing: /home/hwh/dormms/src/dormms/lennard_jones/reference_configurations/feasst-v0.25.3/build/include/monte_carlo/include/trial_volume.h
-- Installing: /home/hwh/dormms/src/dormms/lennard_jones/reference_configurations/feasst-v0.25.3/build/include/monte_carlo/include/tunable.h
-- Installing: /home/hwh/dormms/src/dormms/lennard_jones/reference_configurations/feasst-v0.25.3/build/include/monte_carlo/include/write_checkpoint.h
-- Installing: /home/hwh/dormms/src/dormms/lennard_jones/reference_configurations/feasst-v0.25.3/build/include/monte_carlo/include/write_model_params.h
-- Installing: /home/hwh/dormms/src/dormms/lennard_jones/reference_configurations/feasst-v0.25.3/build/include/models/include/angle_harmonic.h
-- Installing: /home/hwh/dormms/src/dormms/lennard_jones/reference_configurations/feasst-v0.25.3/build/include/models/include/bond_harmonic.h
-- Installing: /home/hwh/dormms/src/dormms/lennard_jones/reference_configurations/feasst-v0.25.3/build/include/models/include/dihedral_harmonic.h
-- Installing: /home/hwh/dormms/src/dormms/lennard_jones/reference_configurations/feasst-v0.25.3/build/include/models/include/dihedral_ryckaert_bellemans.h
-- Installing: /home/hwh/dormms/src/dormms/lennard_jones/reference_configurations/feasst-v0.25.3/build/include/models/include/dihedral_trappe.h
-- Installing: /home/hwh/dormms/src/dormms/lennard_jones/reference_configurations/feasst-v0.25.3/build/include/models/include/fene.h
-- Installing: /home/hwh/dormms/src/dormms/lennard_jones/reference_configurations/feasst-v0.25.3/build/include/models/include/jagla.h
-- Installing: /home/hwh/dormms/src/dormms/lennard_jones/reference_configurations/feasst-v0.25.3/build/include/models/include/lennard_jones_alpha.h
-- Installing: /home/hwh/dormms/src/dormms/lennard_jones/reference_configurations/feasst-v0.25.3/build/include/models/include/lennard_jones_cut_shift.h
-- Installing: /home/hwh/dormms/src/dormms/lennard_jones/reference_configurations/feasst-v0.25.3/build/include/models/include/lennard_jones_force_shift.h
-- Installing: /home/hwh/dormms/src/dormms/lennard_jones/reference_configurations/feasst-v0.25.3/build/include/models/include/mie.h
-- Installing: /home/hwh/dormms/src/dormms/lennard_jones/reference_configurations/feasst-v0.25.3/build/include/models/include/mie_parameters.h
-- Installing: /home/hwh/dormms/src/dormms/lennard_jones/reference_configurations/feasst-v0.25.3/build/include/models/include/square_well.h
-- Installing: /home/hwh/dormms/src/dormms/lennard_jones/reference_configurations/feasst-v0.25.3/build/include/models/include/table_potential.h
-- Installing: /home/hwh/dormms/src/dormms/lennard_jones/reference_configurations/feasst-v0.25.3/build/include/models/include/two_body_alpha.h
-- Installing: /home/hwh/dormms/src/dormms/lennard_jones/reference_configurations/feasst-v0.25.3/build/include/models/include/two_body_table.h
-- Installing: /home/hwh/dormms/src/dormms/lennard_jones/reference_configurations/feasst-v0.25.3/build/include/models/include/yukawa.h
-- Installing: /home/hwh/dormms/src/dormms/lennard_jones/reference_configurations/feasst-v0.25.3/build/include/mayer/include/mayer_sampling.h
-- Installing: /home/hwh/dormms/src/dormms/lennard_jones/reference_configurations/feasst-v0.25.3/build/include/patch/include/file_xyz_patch.h
-- Installing: /home/hwh/dormms/src/dormms/lennard_jones/reference_configurations/feasst-v0.25.3/build/include/patch/include/file_xyz_spherocylinder.h
-- Installing: /home/hwh/dormms/src/dormms/lennard_jones/reference_configurations/feasst-v0.25.3/build/include/patch/include/movie_patch.h
-- Installing: /home/hwh/dormms/src/dormms/lennard_jones/reference_configurations/feasst-v0.25.3/build/include/patch/include/movie_spherocylinder.h
-- Installing: /home/hwh/dormms/src/dormms/lennard_jones/reference_configurations/feasst-v0.25.3/build/include/patch/include/patch_angle.h
-- Installing: /home/hwh/dormms/src/dormms/lennard_jones/reference_configurations/feasst-v0.25.3/build/include/patch/include/solid_of_revolution_table.h
-- Installing: /home/hwh/dormms/src/dormms/lennard_jones/reference_configurations/feasst-v0.25.3/build/include/patch/include/spherocylinder.h
-- Installing: /home/hwh/dormms/src/dormms/lennard_jones/reference_configurations/feasst-v0.25.3/build/include/patch/include/two_particle_contact.h
-- Installing: /home/hwh/dormms/src/dormms/lennard_jones/reference_configurations/feasst-v0.25.3/build/include/patch/include/visit_model_inner_patch.h
-- Installing: /home/hwh/dormms/src/dormms/lennard_jones/reference_configurations/feasst-v0.25.3/build/include/example/include/action_example.h
-- Installing: /home/hwh/dormms/src/dormms/lennard_jones/reference_configurations/feasst-v0.25.3/build/include/example/include/analyze_example.h
-- Installing: /home/hwh/dormms/src/dormms/lennard_jones/reference_configurations/feasst-v0.25.3/build/include/example/include/model_example.h
-- Installing: /home/hwh/dormms/src/dormms/lennard_jones/reference_configurations/feasst-v0.25.3/build/include/example/include/model_param_example.h
-- Installing: /home/hwh/dormms/src/dormms/lennard_jones/reference_configurations/feasst-v0.25.3/build/include/shape/include/cuboid.h
-- Installing: /home/hwh/dormms/src/dormms/lennard_jones/reference_configurations/feasst-v0.25.3/build/include/shape/include/cylinder.h
-- Installing: /home/hwh/dormms/src/dormms/lennard_jones/reference_configurations/feasst-v0.25.3/build/include/shape/include/finite_cylinder.h
-- Installing: /home/hwh/dormms/src/dormms/lennard_jones/reference_configurations/feasst-v0.25.3/build/include/shape/include/formula_sine_wave.h
-- Installing: /home/hwh/dormms/src/dormms/lennard_jones/reference_configurations/feasst-v0.25.3/build/include/shape/include/half_space.h
-- Installing: /home/hwh/dormms/src/dormms/lennard_jones/reference_configurations/feasst-v0.25.3/build/include/shape/include/half_space_sine.h
-- Installing: /home/hwh/dormms/src/dormms/lennard_jones/reference_configurations/feasst-v0.25.3/build/include/shape/include/half_space_tilted.h
-- Installing: /home/hwh/dormms/src/dormms/lennard_jones/reference_configurations/feasst-v0.25.3/build/include/shape/include/shape.h
-- Installing: /home/hwh/dormms/src/dormms/lennard_jones/reference_configurations/feasst-v0.25.3/build/include/shape/include/shape_file.h
-- Installing: /home/hwh/dormms/src/dormms/lennard_jones/reference_configurations/feasst-v0.25.3/build/include/shape/include/shape_intersect.h
-- Installing: /home/hwh/dormms/src/dormms/lennard_jones/reference_configurations/feasst-v0.25.3/build/include/shape/include/shape_union.h
-- Installing: /home/hwh/dormms/src/dormms/lennard_jones/reference_configurations/feasst-v0.25.3/build/include/shape/include/slab.h
-- Installing: /home/hwh/dormms/src/dormms/lennard_jones/reference_configurations/feasst-v0.25.3/build/include/shape/include/slab_sine.h
-- Installing: /home/hwh/dormms/src/dormms/lennard_jones/reference_configurations/feasst-v0.25.3/build/include/shape/include/sphere.h
-- Installing: /home/hwh/dormms/src/dormms/lennard_jones/reference_configurations/feasst-v0.25.3/build/include/shape/include/supertoroid.h
-- Installing: /home/hwh/dormms/src/dormms/lennard_jones/reference_configurations/feasst-v0.25.3/build/include/confinement/include/background.h
-- Installing: /home/hwh/dormms/src/dormms/lennard_jones/reference_configurations/feasst-v0.25.3/build/include/confinement/include/henry_coefficient.h
-- Installing: /home/hwh/dormms/src/dormms/lennard_jones/reference_configurations/feasst-v0.25.3/build/include/confinement/include/model_hard_shape.h
-- Installing: /home/hwh/dormms/src/dormms/lennard_jones/reference_configurations/feasst-v0.25.3/build/include/confinement/include/model_lj_shape.h
-- Installing: /home/hwh/dormms/src/dormms/lennard_jones/reference_configurations/feasst-v0.25.3/build/include/confinement/include/model_square_well_shape.h
-- Installing: /home/hwh/dormms/src/dormms/lennard_jones/reference_configurations/feasst-v0.25.3/build/include/confinement/include/model_table_cartesian.h
-- Installing: /home/hwh/dormms/src/dormms/lennard_jones/reference_configurations/feasst-v0.25.3/build/include/confinement/include/trial_anywhere.h
-- Installing: /home/hwh/dormms/src/dormms/lennard_jones/reference_configurations/feasst-v0.25.3/build/include/chain/include/analyze_bonds.h
-- Installing: /home/hwh/dormms/src/dormms/lennard_jones/reference_configurations/feasst-v0.25.3/build/include/chain/include/end_to_end_distance.h
-- Installing: /home/hwh/dormms/src/dormms/lennard_jones/reference_configurations/feasst-v0.25.3/build/include/chain/include/ghost_trial_grow.h
-- Installing: /home/hwh/dormms/src/dormms/lennard_jones/reference_configurations/feasst-v0.25.3/build/include/chain/include/perturb_branch.h
-- Installing: /home/hwh/dormms/src/dormms/lennard_jones/reference_configurations/feasst-v0.25.3/build/include/chain/include/perturb_connector.h
-- Installing: /home/hwh/dormms/src/dormms/lennard_jones/reference_configurations/feasst-v0.25.3/build/include/chain/include/perturb_crankshaft.h
-- Installing: /home/hwh/dormms/src/dormms/lennard_jones/reference_configurations/feasst-v0.25.3/build/include/chain/include/perturb_crankshaft_small.h
-- Installing: /home/hwh/dormms/src/dormms/lennard_jones/reference_configurations/feasst-v0.25.3/build/include/chain/include/perturb_distance_angle_connector.h
-- Installing: /home/hwh/dormms/src/dormms/lennard_jones/reference_configurations/feasst-v0.25.3/build/include/chain/include/perturb_library.h
-- Installing: /home/hwh/dormms/src/dormms/lennard_jones/reference_configurations/feasst-v0.25.3/build/include/chain/include/perturb_particle_pivot.h
-- Installing: /home/hwh/dormms/src/dormms/lennard_jones/reference_configurations/feasst-v0.25.3/build/include/chain/include/perturb_pivot.h
-- Installing: /home/hwh/dormms/src/dormms/lennard_jones/reference_configurations/feasst-v0.25.3/build/include/chain/include/perturb_position_swap.h
-- Installing: /home/hwh/dormms/src/dormms/lennard_jones/reference_configurations/feasst-v0.25.3/build/include/chain/include/perturb_reptate.h
-- Installing: /home/hwh/dormms/src/dormms/lennard_jones/reference_configurations/feasst-v0.25.3/build/include/chain/include/perturb_site_type.h
-- Installing: /home/hwh/dormms/src/dormms/lennard_jones/reference_configurations/feasst-v0.25.3/build/include/chain/include/perturb_to_anchor.h
-- Installing: /home/hwh/dormms/src/dormms/lennard_jones/reference_configurations/feasst-v0.25.3/build/include/chain/include/radius_of_gyration.h
-- Installing: /home/hwh/dormms/src/dormms/lennard_jones/reference_configurations/feasst-v0.25.3/build/include/chain/include/select_branch.h
-- Installing: /home/hwh/dormms/src/dormms/lennard_jones/reference_configurations/feasst-v0.25.3/build/include/chain/include/select_crankshaft_small.h
-- Installing: /home/hwh/dormms/src/dormms/lennard_jones/reference_configurations/feasst-v0.25.3/build/include/chain/include/select_end_segment.h
-- Installing: /home/hwh/dormms/src/dormms/lennard_jones/reference_configurations/feasst-v0.25.3/build/include/chain/include/select_particle_pivot.h
-- Installing: /home/hwh/dormms/src/dormms/lennard_jones/reference_configurations/feasst-v0.25.3/build/include/chain/include/select_perturbed.h
-- Installing: /home/hwh/dormms/src/dormms/lennard_jones/reference_configurations/feasst-v0.25.3/build/include/chain/include/select_reptate.h
-- Installing: /home/hwh/dormms/src/dormms/lennard_jones/reference_configurations/feasst-v0.25.3/build/include/chain/include/select_segment.h
-- Installing: /home/hwh/dormms/src/dormms/lennard_jones/reference_configurations/feasst-v0.25.3/build/include/chain/include/select_site_of_type.h
-- Installing: /home/hwh/dormms/src/dormms/lennard_jones/reference_configurations/feasst-v0.25.3/build/include/chain/include/select_two_sites.h
-- Installing: /home/hwh/dormms/src/dormms/lennard_jones/reference_configurations/feasst-v0.25.3/build/include/chain/include/trial_crankshaft.h
-- Installing: /home/hwh/dormms/src/dormms/lennard_jones/reference_configurations/feasst-v0.25.3/build/include/chain/include/trial_crankshaft_small.h
-- Installing: /home/hwh/dormms/src/dormms/lennard_jones/reference_configurations/feasst-v0.25.3/build/include/chain/include/trial_grow.h
-- Installing: /home/hwh/dormms/src/dormms/lennard_jones/reference_configurations/feasst-v0.25.3/build/include/chain/include/trial_grow_linear.h
-- Installing: /home/hwh/dormms/src/dormms/lennard_jones/reference_configurations/feasst-v0.25.3/build/include/chain/include/trial_particle_pivot.h
-- Installing: /home/hwh/dormms/src/dormms/lennard_jones/reference_configurations/feasst-v0.25.3/build/include/chain/include/trial_pivot.h
-- Installing: /home/hwh/dormms/src/dormms/lennard_jones/reference_configurations/feasst-v0.25.3/build/include/chain/include/trial_reptate.h
-- Installing: /home/hwh/dormms/src/dormms/lennard_jones/reference_configurations/feasst-v0.25.3/build/include/chain/include/trial_swap_sites.h
-- Installing: /home/hwh/dormms/src/dormms/lennard_jones/reference_configurations/feasst-v0.25.3/build/include/flat_histogram/include/bias.h
-- Installing: /home/hwh/dormms/src/dormms/lennard_jones/reference_configurations/feasst-v0.25.3/build/include/flat_histogram/include/clones.h
-- Installing: /home/hwh/dormms/src/dormms/lennard_jones/reference_configurations/feasst-v0.25.3/build/include/flat_histogram/include/collection_matrix.h
-- Installing: /home/hwh/dormms/src/dormms/lennard_jones/reference_configurations/feasst-v0.25.3/build/include/flat_histogram/include/collection_matrix_splice.h
-- Installing: /home/hwh/dormms/src/dormms/lennard_jones/reference_configurations/feasst-v0.25.3/build/include/flat_histogram/include/ensemble.h
-- Installing: /home/hwh/dormms/src/dormms/lennard_jones/reference_configurations/feasst-v0.25.3/build/include/flat_histogram/include/flat_histogram.h
-- Installing: /home/hwh/dormms/src/dormms/lennard_jones/reference_configurations/feasst-v0.25.3/build/include/flat_histogram/include/ln_probability.h
-- Installing: /home/hwh/dormms/src/dormms/lennard_jones/reference_configurations/feasst-v0.25.3/build/include/flat_histogram/include/macrostate.h
-- Installing: /home/hwh/dormms/src/dormms/lennard_jones/reference_configurations/feasst-v0.25.3/build/include/flat_histogram/include/macrostate_energy.h
-- Installing: /home/hwh/dormms/src/dormms/lennard_jones/reference_configurations/feasst-v0.25.3/build/include/flat_histogram/include/macrostate_num_particles.h
-- Installing: /home/hwh/dormms/src/dormms/lennard_jones/reference_configurations/feasst-v0.25.3/build/include/flat_histogram/include/macrostate_position.h
-- Installing: /home/hwh/dormms/src/dormms/lennard_jones/reference_configurations/feasst-v0.25.3/build/include/flat_histogram/include/transition_matrix.h
-- Installing: /home/hwh/dormms/src/dormms/lennard_jones/reference_configurations/feasst-v0.25.3/build/include/flat_histogram/include/wang_landau.h
-- Installing: /home/hwh/dormms/src/dormms/lennard_jones/reference_configurations/feasst-v0.25.3/build/include/flat_histogram/include/window.h
-- Installing: /home/hwh/dormms/src/dormms/lennard_jones/reference_configurations/feasst-v0.25.3/build/include/flat_histogram/include/window_custom.h
-- Installing: /home/hwh/dormms/src/dormms/lennard_jones/reference_configurations/feasst-v0.25.3/build/include/flat_histogram/include/window_exponential.h
-- Installing: /home/hwh/dormms/src/dormms/lennard_jones/reference_configurations/feasst-v0.25.3/build/include/flat_histogram/include/wltm.h
-- Installing: /home/hwh/dormms/src/dormms/lennard_jones/reference_configurations/feasst-v0.25.3/build/include/charge/include/charge_screened.h
-- Installing: /home/hwh/dormms/src/dormms/lennard_jones/reference_configurations/feasst-v0.25.3/build/include/charge/include/charge_screened_intra.h
-- Installing: /home/hwh/dormms/src/dormms/lennard_jones/reference_configurations/feasst-v0.25.3/build/include/charge/include/charge_self.h
-- Installing: /home/hwh/dormms/src/dormms/lennard_jones/reference_configurations/feasst-v0.25.3/build/include/charge/include/check_net_charge.h
-- Installing: /home/hwh/dormms/src/dormms/lennard_jones/reference_configurations/feasst-v0.25.3/build/include/charge/include/compute_add_multiple.h
-- Installing: /home/hwh/dormms/src/dormms/lennard_jones/reference_configurations/feasst-v0.25.3/build/include/charge/include/compute_remove_multiple.h
-- Installing: /home/hwh/dormms/src/dormms/lennard_jones/reference_configurations/feasst-v0.25.3/build/include/charge/include/coulomb.h
-- Installing: /home/hwh/dormms/src/dormms/lennard_jones/reference_configurations/feasst-v0.25.3/build/include/charge/include/debye_huckel.h
-- Installing: /home/hwh/dormms/src/dormms/lennard_jones/reference_configurations/feasst-v0.25.3/build/include/charge/include/electric_field.h
-- Installing: /home/hwh/dormms/src/dormms/lennard_jones/reference_configurations/feasst-v0.25.3/build/include/charge/include/ewald.h
-- Installing: /home/hwh/dormms/src/dormms/lennard_jones/reference_configurations/feasst-v0.25.3/build/include/charge/include/slab_correction.h
-- Installing: /home/hwh/dormms/src/dormms/lennard_jones/reference_configurations/feasst-v0.25.3/build/include/charge/include/trial_add_multiple.h
-- Installing: /home/hwh/dormms/src/dormms/lennard_jones/reference_configurations/feasst-v0.25.3/build/include/charge/include/trial_remove_multiple.h
-- Installing: /home/hwh/dormms/src/dormms/lennard_jones/reference_configurations/feasst-v0.25.3/build/include/charge/include/trial_transfer_multiple.h
-- Installing: /home/hwh/dormms/src/dormms/lennard_jones/reference_configurations/feasst-v0.25.3/build/include/charge/include/utils.h
-- Installing: /home/hwh/dormms/src/dormms/lennard_jones/reference_configurations/feasst-v0.25.3/build/include/morph/include/compute_morph.h
-- Installing: /home/hwh/dormms/src/dormms/lennard_jones/reference_configurations/feasst-v0.25.3/build/include/morph/include/macrostate_morph.h
-- Installing: /home/hwh/dormms/src/dormms/lennard_jones/reference_configurations/feasst-v0.25.3/build/include/morph/include/perturb_particle_type.h
-- Installing: /home/hwh/dormms/src/dormms/lennard_jones/reference_configurations/feasst-v0.25.3/build/include/morph/include/trial_morph.h
-- Installing: /home/hwh/dormms/src/dormms/lennard_jones/reference_configurations/feasst-v0.25.3/build/include/morph/include/trial_morph_expanded.h
-- Installing: /home/hwh/dormms/src/dormms/lennard_jones/reference_configurations/feasst-v0.25.3/build/include/cluster/include/analyze_cluster.h
-- Installing: /home/hwh/dormms/src/dormms/lennard_jones/reference_configurations/feasst-v0.25.3/build/include/cluster/include/calculate_cluster.h
-- Installing: /home/hwh/dormms/src/dormms/lennard_jones/reference_configurations/feasst-v0.25.3/build/include/cluster/include/compute_add_avb.h
-- Installing: /home/hwh/dormms/src/dormms/lennard_jones/reference_configurations/feasst-v0.25.3/build/include/cluster/include/compute_add_avb_divalent.h
-- Installing: /home/hwh/dormms/src/dormms/lennard_jones/reference_configurations/feasst-v0.25.3/build/include/cluster/include/compute_avb2.h
-- Installing: /home/hwh/dormms/src/dormms/lennard_jones/reference_configurations/feasst-v0.25.3/build/include/cluster/include/compute_avb4.h
-- Installing: /home/hwh/dormms/src/dormms/lennard_jones/reference_configurations/feasst-v0.25.3/build/include/cluster/include/compute_gca.h
-- Installing: /home/hwh/dormms/src/dormms/lennard_jones/reference_configurations/feasst-v0.25.3/build/include/cluster/include/compute_move_cluster.h
-- Installing: /home/hwh/dormms/src/dormms/lennard_jones/reference_configurations/feasst-v0.25.3/build/include/cluster/include/compute_remove_avb.h
-- Installing: /home/hwh/dormms/src/dormms/lennard_jones/reference_configurations/feasst-v0.25.3/build/include/cluster/include/compute_remove_avb_divalent.h
-- Installing: /home/hwh/dormms/src/dormms/lennard_jones/reference_configurations/feasst-v0.25.3/build/include/cluster/include/energy_map_all.h
-- Installing: /home/hwh/dormms/src/dormms/lennard_jones/reference_configurations/feasst-v0.25.3/build/include/cluster/include/energy_map_all_criteria.h
-- Installing: /home/hwh/dormms/src/dormms/lennard_jones/reference_configurations/feasst-v0.25.3/build/include/cluster/include/energy_map_neighbor.h
-- Installing: /home/hwh/dormms/src/dormms/lennard_jones/reference_configurations/feasst-v0.25.3/build/include/cluster/include/energy_map_neighbor_criteria.h
-- Installing: /home/hwh/dormms/src/dormms/lennard_jones/reference_configurations/feasst-v0.25.3/build/include/cluster/include/perturb_add_avb.h
-- Installing: /home/hwh/dormms/src/dormms/lennard_jones/reference_configurations/feasst-v0.25.3/build/include/cluster/include/perturb_move_avb.h
-- Installing: /home/hwh/dormms/src/dormms/lennard_jones/reference_configurations/feasst-v0.25.3/build/include/cluster/include/perturb_point_reflect.h
-- Installing: /home/hwh/dormms/src/dormms/lennard_jones/reference_configurations/feasst-v0.25.3/build/include/cluster/include/perturb_rotate_com.h
-- Installing: /home/hwh/dormms/src/dormms/lennard_jones/reference_configurations/feasst-v0.25.3/build/include/cluster/include/select_cluster.h
-- Installing: /home/hwh/dormms/src/dormms/lennard_jones/reference_configurations/feasst-v0.25.3/build/include/cluster/include/select_particle_avb.h
-- Installing: /home/hwh/dormms/src/dormms/lennard_jones/reference_configurations/feasst-v0.25.3/build/include/cluster/include/select_particle_avb_divalent.h
-- Installing: /home/hwh/dormms/src/dormms/lennard_jones/reference_configurations/feasst-v0.25.3/build/include/cluster/include/trial_add_avb.h
-- Installing: /home/hwh/dormms/src/dormms/lennard_jones/reference_configurations/feasst-v0.25.3/build/include/cluster/include/trial_add_avb_divalent.h
-- Installing: /home/hwh/dormms/src/dormms/lennard_jones/reference_configurations/feasst-v0.25.3/build/include/cluster/include/trial_avb2.h
-- Installing: /home/hwh/dormms/src/dormms/lennard_jones/reference_configurations/feasst-v0.25.3/build/include/cluster/include/trial_avb4.h
-- Installing: /home/hwh/dormms/src/dormms/lennard_jones/reference_configurations/feasst-v0.25.3/build/include/cluster/include/trial_remove_avb.h
-- Installing: /home/hwh/dormms/src/dormms/lennard_jones/reference_configurations/feasst-v0.25.3/build/include/cluster/include/trial_remove_avb_divalent.h
-- Installing: /home/hwh/dormms/src/dormms/lennard_jones/reference_configurations/feasst-v0.25.3/build/include/cluster/include/trial_rigid_cluster.h
-- Installing: /home/hwh/dormms/src/dormms/lennard_jones/reference_configurations/feasst-v0.25.3/build/include/cluster/include/trial_rotate_cluster.h
-- Installing: /home/hwh/dormms/src/dormms/lennard_jones/reference_configurations/feasst-v0.25.3/build/include/cluster/include/trial_transfer_avb.h
-- Installing: /home/hwh/dormms/src/dormms/lennard_jones/reference_configurations/feasst-v0.25.3/build/include/cluster/include/trial_transfer_avb_divalent.h
-- Installing: /home/hwh/dormms/src/dormms/lennard_jones/reference_configurations/feasst-v0.25.3/build/include/cluster/include/trial_translate_cluster.h
-- Installing: /home/hwh/dormms/src/dormms/lennard_jones/reference_configurations/feasst-v0.25.3/build/include/prefetch/include/prefetch.h
-- Installing: /home/hwh/dormms/src/dormms/lennard_jones/reference_configurations/feasst-v0.25.3/build/include/egce/include/a_equal_b.h
-- Installing: /home/hwh/dormms/src/dormms/lennard_jones/reference_configurations/feasst-v0.25.3/build/include/egce/include/a_half_b.h
-- Installing: /home/hwh/dormms/src/dormms/lennard_jones/reference_configurations/feasst-v0.25.3/build/include/beta_expanded/include/compute_beta.h
-- Installing: /home/hwh/dormms/src/dormms/lennard_jones/reference_configurations/feasst-v0.25.3/build/include/beta_expanded/include/macrostate_beta.h
-- Installing: /home/hwh/dormms/src/dormms/lennard_jones/reference_configurations/feasst-v0.25.3/build/include/beta_expanded/include/perturb_beta.h
-- Installing: /home/hwh/dormms/src/dormms/lennard_jones/reference_configurations/feasst-v0.25.3/build/include/beta_expanded/include/select_nothing.h
-- Installing: /home/hwh/dormms/src/dormms/lennard_jones/reference_configurations/feasst-v0.25.3/build/include/beta_expanded/include/trial_beta.h
-- Installing: /home/hwh/dormms/src/dormms/lennard_jones/reference_configurations/feasst-v0.25.3/build/include/aniso/include/anisotropic.h
-- Installing: /home/hwh/dormms/src/dormms/lennard_jones/reference_configurations/feasst-v0.25.3/build/include/aniso/include/backmap.h
-- Installing: /home/hwh/dormms/src/dormms/lennard_jones/reference_configurations/feasst-v0.25.3/build/include/aniso/include/rotator.h
-- Installing: /home/hwh/dormms/src/dormms/lennard_jones/reference_configurations/feasst-v0.25.3/build/include/aniso/include/tabulate_two_rigid_body_3D.h
-- Installing: /home/hwh/dormms/src/dormms/lennard_jones/reference_configurations/feasst-v0.25.3/build/include/aniso/include/visit_model_inner_nn.h
-- Installing: /home/hwh/dormms/src/dormms/lennard_jones/reference_configurations/feasst-v0.25.3/build/include/aniso/include/visit_model_inner_table.h
-- Installing: /home/hwh/dormms/src/dormms/lennard_jones/reference_configurations/feasst-v0.25.3/build/include/gibbs/include/check_constant_volume.h
-- Installing: /home/hwh/dormms/src/dormms/lennard_jones/reference_configurations/feasst-v0.25.3/build/include/gibbs/include/compute_gibbs_particle_transfer.h
-- Installing: /home/hwh/dormms/src/dormms/lennard_jones/reference_configurations/feasst-v0.25.3/build/include/gibbs/include/compute_gibbs_volume_transfer.h
-- Installing: /home/hwh/dormms/src/dormms/lennard_jones/reference_configurations/feasst-v0.25.3/build/include/gibbs/include/copy_next_line.h
-- Installing: /home/hwh/dormms/src/dormms/lennard_jones/reference_configurations/feasst-v0.25.3/build/include/gibbs/include/pressure_from_test_volume.h
-- Installing: /home/hwh/dormms/src/dormms/lennard_jones/reference_configurations/feasst-v0.25.3/build/include/gibbs/include/trial_gibbs_particle_transfer.h
-- Installing: /home/hwh/dormms/src/dormms/lennard_jones/reference_configurations/feasst-v0.25.3/build/include/gibbs/include/trial_gibbs_volume_transfer.h
-- Installing: /home/hwh/dormms/src/dormms/lennard_jones/reference_configurations/feasst-v0.25.3/build/include/model_expanded/include/compute_model.h
-- Installing: /home/hwh/dormms/src/dormms/lennard_jones/reference_configurations/feasst-v0.25.3/build/include/model_expanded/include/constrain_model_index.h
-- Installing: /home/hwh/dormms/src/dormms/lennard_jones/reference_configurations/feasst-v0.25.3/build/include/model_expanded/include/macrostate_model.h
-- Installing: /home/hwh/dormms/src/dormms/lennard_jones/reference_configurations/feasst-v0.25.3/build/include/model_expanded/include/model_expanded.h
-- Installing: /home/hwh/dormms/src/dormms/lennard_jones/reference_configurations/feasst-v0.25.3/build/include/model_expanded/include/perturb_model.h
-- Installing: /home/hwh/dormms/src/dormms/lennard_jones/reference_configurations/feasst-v0.25.3/build/include/model_expanded/include/trial_model.h
-- Installing: /home/hwh/dormms/src/dormms/lennard_jones/reference_configurations/feasst-v0.25.3/build/include/server/include/listen.h
-- Installing: /home/hwh/dormms/src/dormms/lennard_jones/reference_configurations/feasst-v0.25.3/build/include/server/include/model_server.h
-- Installing: /home/hwh/dormms/src/dormms/lennard_jones/reference_configurations/feasst-v0.25.3/build/include/server/include/server.h
-- Installing: /home/hwh/dormms/src/dormms/lennard_jones/reference_configurations/feasst-v0.25.3/build/include/server/include/visit_model_inner_server.h
-- Installing: /home/hwh/dormms/src/dormms/lennard_jones/reference_configurations/feasst-v0.25.3/build/lib/libfeasstthreads.so
-- Installing: /home/hwh/dormms/src/dormms/lennard_jones/reference_configurations/feasst-v0.25.3/build/lib/libfeasstutils.so
-- Set runtime path of "/home/hwh/dormms/src/dormms/lennard_jones/reference_configurations/feasst-v0.25.3/build/lib/libfeasstutils.so" to ""
-- Installing: /home/hwh/dormms/src/dormms/lennard_jones/reference_configurations/feasst-v0.25.3/build/lib/libfeasstmath.so
-- Set runtime path of "/home/hwh/dormms/src/dormms/lennard_jones/reference_configurations/feasst-v0.25.3/build/lib/libfeasstmath.so" to ""
-- Installing: /home/hwh/dormms/src/dormms/lennard_jones/reference_configurations/feasst-v0.25.3/build/lib/libfeasstconfiguration.so
-- Set runtime path of "/home/hwh/dormms/src/dormms/lennard_jones/reference_configurations/feasst-v0.25.3/build/lib/libfeasstconfiguration.so" to ""
-- Installing: /home/hwh/dormms/src/dormms/lennard_jones/reference_configurations/feasst-v0.25.3/build/lib/libfeasstsystem.so
-- Set runtime path of "/home/hwh/dormms/src/dormms/lennard_jones/reference_configurations/feasst-v0.25.3/build/lib/libfeasstsystem.so" to ""
-- Installing: /home/hwh/dormms/src/dormms/lennard_jones/reference_configurations/feasst-v0.25.3/build/lib/libfeasstopt_lj.so
-- Set runtime path of "/home/hwh/dormms/src/dormms/lennard_jones/reference_configurations/feasst-v0.25.3/build/lib/libfeasstopt_lj.so" to ""
-- Installing: /home/hwh/dormms/src/dormms/lennard_jones/reference_configurations/feasst-v0.25.3/build/lib/libfeasststeppers.so
-- Set runtime path of "/home/hwh/dormms/src/dormms/lennard_jones/reference_configurations/feasst-v0.25.3/build/lib/libfeasststeppers.so" to ""
-- Installing: /home/hwh/dormms/src/dormms/lennard_jones/reference_configurations/feasst-v0.25.3/build/lib/libfeasstmonte_carlo.so
-- Set runtime path of "/home/hwh/dormms/src/dormms/lennard_jones/reference_configurations/feasst-v0.25.3/build/lib/libfeasstmonte_carlo.so" to ""
-- Installing: /home/hwh/dormms/src/dormms/lennard_jones/reference_configurations/feasst-v0.25.3/build/lib/libfeasstmodels.so
-- Set runtime path of "/home/hwh/dormms/src/dormms/lennard_jones/reference_configurations/feasst-v0.25.3/build/lib/libfeasstmodels.so" to ""
-- Installing: /home/hwh/dormms/src/dormms/lennard_jones/reference_configurations/feasst-v0.25.3/build/lib/libfeasstmayer.so
-- Set runtime path of "/home/hwh/dormms/src/dormms/lennard_jones/reference_configurations/feasst-v0.25.3/build/lib/libfeasstmayer.so" to ""
-- Installing: /home/hwh/dormms/src/dormms/lennard_jones/reference_configurations/feasst-v0.25.3/build/lib/libfeasstpatch.so
-- Set runtime path of "/home/hwh/dormms/src/dormms/lennard_jones/reference_configurations/feasst-v0.25.3/build/lib/libfeasstpatch.so" to ""
-- Installing: /home/hwh/dormms/src/dormms/lennard_jones/reference_configurations/feasst-v0.25.3/build/lib/libfeasstexample.so
-- Set runtime path of "/home/hwh/dormms/src/dormms/lennard_jones/reference_configurations/feasst-v0.25.3/build/lib/libfeasstexample.so" to ""
-- Installing: /home/hwh/dormms/src/dormms/lennard_jones/reference_configurations/feasst-v0.25.3/build/lib/libfeasstshape.so
-- Set runtime path of "/home/hwh/dormms/src/dormms/lennard_jones/reference_configurations/feasst-v0.25.3/build/lib/libfeasstshape.so" to ""
-- Installing: /home/hwh/dormms/src/dormms/lennard_jones/reference_configurations/feasst-v0.25.3/build/lib/libfeasstconfinement.so
-- Set runtime path of "/home/hwh/dormms/src/dormms/lennard_jones/reference_configurations/feasst-v0.25.3/build/lib/libfeasstconfinement.so" to ""
-- Installing: /home/hwh/dormms/src/dormms/lennard_jones/reference_configurations/feasst-v0.25.3/build/lib/libfeasstchain.so
-- Set runtime path of "/home/hwh/dormms/src/dormms/lennard_jones/reference_configurations/feasst-v0.25.3/build/lib/libfeasstchain.so" to ""
-- Installing: /home/hwh/dormms/src/dormms/lennard_jones/reference_configurations/feasst-v0.25.3/build/lib/libfeasstflat_histogram.so
-- Set runtime path of "/home/hwh/dormms/src/dormms/lennard_jones/reference_configurations/feasst-v0.25.3/build/lib/libfeasstflat_histogram.so" to ""
-- Installing: /home/hwh/dormms/src/dormms/lennard_jones/reference_configurations/feasst-v0.25.3/build/lib/libfeasstcharge.so
-- Set runtime path of "/home/hwh/dormms/src/dormms/lennard_jones/reference_configurations/feasst-v0.25.3/build/lib/libfeasstcharge.so" to ""
-- Installing: /home/hwh/dormms/src/dormms/lennard_jones/reference_configurations/feasst-v0.25.3/build/lib/libfeasstmorph.so
-- Set runtime path of "/home/hwh/dormms/src/dormms/lennard_jones/reference_configurations/feasst-v0.25.3/build/lib/libfeasstmorph.so" to ""
-- Installing: /home/hwh/dormms/src/dormms/lennard_jones/reference_configurations/feasst-v0.25.3/build/lib/libfeasstcluster.so
-- Set runtime path of "/home/hwh/dormms/src/dormms/lennard_jones/reference_configurations/feasst-v0.25.3/build/lib/libfeasstcluster.so" to ""
-- Installing: /home/hwh/dormms/src/dormms/lennard_jones/reference_configurations/feasst-v0.25.3/build/lib/libfeasstprefetch.so
-- Set runtime path of "/home/hwh/dormms/src/dormms/lennard_jones/reference_configurations/feasst-v0.25.3/build/lib/libfeasstprefetch.so" to ""
-- Installing: /home/hwh/dormms/src/dormms/lennard_jones/reference_configurations/feasst-v0.25.3/build/lib/libfeasstegce.so
-- Set runtime path of "/home/hwh/dormms/src/dormms/lennard_jones/reference_configurations/feasst-v0.25.3/build/lib/libfeasstegce.so" to ""
-- Installing: /home/hwh/dormms/src/dormms/lennard_jones/reference_configurations/feasst-v0.25.3/build/lib/libfeasstbeta_expanded.so
-- Set runtime path of "/home/hwh/dormms/src/dormms/lennard_jones/reference_configurations/feasst-v0.25.3/build/lib/libfeasstbeta_expanded.so" to ""
-- Installing: /home/hwh/dormms/src/dormms/lennard_jones/reference_configurations/feasst-v0.25.3/build/lib/libfeasstaniso.so
-- Set runtime path of "/home/hwh/dormms/src/dormms/lennard_jones/reference_configurations/feasst-v0.25.3/build/lib/libfeasstaniso.so" to ""
-- Installing: /home/hwh/dormms/src/dormms/lennard_jones/reference_configurations/feasst-v0.25.3/build/lib/libfeasstgibbs.so
-- Set runtime path of "/home/hwh/dormms/src/dormms/lennard_jones/reference_configurations/feasst-v0.25.3/build/lib/libfeasstgibbs.so" to ""
-- Installing: /home/hwh/dormms/src/dormms/lennard_jones/reference_configurations/feasst-v0.25.3/build/lib/libfeasstmodel_expanded.so
-- Set runtime path of "/home/hwh/dormms/src/dormms/lennard_jones/reference_configurations/feasst-v0.25.3/build/lib/libfeasstmodel_expanded.so" to ""
-- Installing: /home/hwh/dormms/src/dormms/lennard_jones/reference_configurations/feasst-v0.25.3/build/lib/libfeasstserver.so
-- Set runtime path of "/home/hwh/dormms/src/dormms/lennard_jones/reference_configurations/feasst-v0.25.3/build/lib/libfeasstserver.so" to ""
-- Installing: /home/hwh/dormms/src/dormms/lennard_jones/reference_configurations/feasst-v0.25.3/build/lib/cmake/feasst/feasst-config.cmake
-- Installing: /home/hwh/dormms/src/dormms/lennard_jones/reference_configurations/feasst-v0.25.3/build/lib/cmake/feasst/feasst-config-noconfig.cmake
-- Installing: /home/hwh/dormms/src/dormms/lennard_jones/reference_configurations/feasst-v0.25.3/build/include/feasst.h
Processing /home/hwh/dormms/src/dormms/lennard_jones/reference_configurations/feasst-v0.25.3/pyfeasst
  Installing build dependencies: started
  Installing build dependencies: finished with status 'done'
  Getting requirements to build wheel: started
  Getting requirements to build wheel: finished with status 'done'
  Preparing metadata (pyproject.toml): started
  Preparing metadata (pyproject.toml): finished with status 'done'
Building wheels for collected packages: pyfeasst
  Building wheel for pyfeasst (pyproject.toml): started
  Building wheel for pyfeasst (pyproject.toml): finished with status 'done'
  Created wheel for pyfeasst: filename=pyfeasst-0.0.3-py3-none-any.whl size=23236 sha256=804ee4ab9aeaa2089309f9227aba3f5a2ab3c31f96ec2fdf1f7a171d564b6820
  Stored in directory: /tmp/pip-ephem-wheel-cache-e28hg8j5/wheels/8a/f7/b8/57fba151c1dd017538692c9d2e90812a7d8f66ad4a0256283c
Successfully built pyfeasst
Installing collected packages: pyfeasst
Successfully installed pyfeasst-0.0.3
~/dormms/src/dormms/lennard_jones/reference_configurations
