{
  "cubic4": {
    "N": 30,
    "L": 8,
    "U_lj": -16.790321304625856,
    "U_lrc": -0.5451660014945706,
    "U_total": -17.335487306120427
  }
}