{
  "cubic4": {
    "number": 30,
    "pbc": {
      "length": 8
    },
    "U_lj": -16.790321304625856,
    "U_lrc": -0.5451660014945706,
    "U_total": -17.335487306120427
  },
  "triclinic3": {
    "number": 300,
    "pbc": {
      "length_x": 10.0,
      "length_y": 9.84807753012208,
      "length_z": 9.64974312607518,
      "tilt_xy": 1.7364817766693041,
      "tilt_xz": 2.5881904510252074,
      "tilt_yz": 0.42863479791864567
    },
    "U_lj": -505.78567945268367,
    "U_lrc": -29.37186430697248,
    "U_total": -535.1575437596562
  }
}