{
  "number_simulations": 20,
  "number_particles": 500,
  "units": {
    "length": "Lennard-Jones diameter (sigma)",
    "energy": "Lennard-Jones well depth (epsilon)"
  },
  "equilibration_trials": 50000000,
  "production_trials": 250000000,
  "interaction_cutoff": 3,
  "temperature": [
    0.85,
    0.85,
    0.85,
    0.85,
    0.85,
    0.85,
    0.85,
    0.85,
    0.85,
    0.85,
    0.9,
    0.9,
    0.9,
    0.9,
    0.9,
    0.9,
    0.9,
    0.9,
    0.9,
    0.9
  ],
  "density": [
    0.001,
    0.003,
    0.005,
    0.007,
    0.009,
    0.776,
    0.78,
    0.82,
    0.86,
    0.9,
    0.001,
    0.003,
    0.005,
    0.007,
    0.009,
    0.776,
    0.78,
    0.82,
    0.86,
    0.9
  ],
  "energy_total": [
    -0.01033467547352437,
    -0.031042297773940734,
    -0.0518539999177665,
    -0.07288412818369165,
    -0.09396565892655949,
    -5.511923026042416,
    -5.538623745013766,
    -5.795079288495627,
    -6.030029599202391,
    -6.238393037962269,
    -0.009912380345221801,
    -0.02981712982853718,
    -0.04973901308329954,
    -0.06982360652124635,
    -0.08997105120515814,
    -5.4684373957475385,
    -5.495040038209641,
    -5.745427654046089,
    -5.97521434765415,
    -6.175910367659818
  ],
  "energy_total_blockstdev": [
    1.0955785247988121e-05,
    1.835262552986081e-05,
    1.9593242200102053e-05,
    2.3155993053663356e-05,
    4.693500424907336e-05,
    0.00037145202459800547,
    0.0003544715945641977,
    0.0003550607160918959,
    0.0005485362544327891,
    0.0005742833842423696,
    9.222138311609493e-06,
    1.3763080520743958e-05,
    1.97946947211561e-05,
    2.8621510239565872e-05,
    3.924526798819816e-05,
    0.00029976286487097607,
    0.0002951239589619437,
    0.0004048059935636574,
    0.0005049384549417066,
    0.0005315247770609666
  ]
}
